Using pre-set license
Built from '2021.3/staging' branch; Version is '2021.3.1f1 (3b70a0754835) revision 3895456'; Using compiler version '192829333'; Build Type 'Release'
OS: 'Windows 10  (10.0.19044) 64bit Core' Language: 'pt' Physical Memory: 16158 MB
BatchMode: 1, IsHumanControllingUs: 0, StartBugReporterOnCrash: 0, Is64bit: 1, IsPro: 1

COMMAND LINE ARGUMENTS:
C:\Program Files\Unity\Hub\Editor\2021.3.1f1\Editor\Unity.exe
-adb2
-batchMode
-noUpm
-name
AssetImportWorker0
-projectPath
C:/Users/Gabriel/Desktop/Jogos 2022/Foodmon/Unity/CartaComida
-logFile
Logs/AssetImportWorker0.log
-srvPort
58988
Successfully changed project path to: C:/Users/Gabriel/Desktop/Jogos 2022/Foodmon/Unity/CartaComida
C:/Users/Gabriel/Desktop/Jogos 2022/Foodmon/Unity/CartaComida
[UnityMemory] Configuration Parameters - Can be set up in boot.config
    "memorysetup-bucket-allocator-granularity=16"
    "memorysetup-bucket-allocator-bucket-count=8"
    "memorysetup-bucket-allocator-block-size=33554432"
    "memorysetup-bucket-allocator-block-count=8"
    "memorysetup-main-allocator-block-size=16777216"
    "memorysetup-thread-allocator-block-size=16777216"
    "memorysetup-gfx-main-allocator-block-size=16777216"
    "memorysetup-gfx-thread-allocator-block-size=16777216"
    "memorysetup-cache-allocator-block-size=4194304"
    "memorysetup-typetree-allocator-block-size=2097152"
    "memorysetup-profiler-bucket-allocator-granularity=16"
    "memorysetup-profiler-bucket-allocator-bucket-count=8"
    "memorysetup-profiler-bucket-allocator-block-size=33554432"
    "memorysetup-profiler-bucket-allocator-block-count=8"
    "memorysetup-profiler-allocator-block-size=16777216"
    "memorysetup-profiler-editor-allocator-block-size=1048576"
    "memorysetup-temp-allocator-size-main=16777216"
    "memorysetup-job-temp-allocator-block-size=2097152"
    "memorysetup-job-temp-allocator-block-size-background=1048576"
    "memorysetup-job-temp-allocator-reduction-small-platforms=262144"
    "memorysetup-temp-allocator-size-background-worker=32768"
    "memorysetup-temp-allocator-size-job-worker=262144"
    "memorysetup-temp-allocator-size-preload-manager=33554432"
    "memorysetup-temp-allocator-size-nav-mesh-worker=65536"
    "memorysetup-temp-allocator-size-audio-worker=65536"
    "memorysetup-temp-allocator-size-cloud-worker=32768"
    "memorysetup-temp-allocator-size-gi-baking-worker=262144"
    "memorysetup-temp-allocator-size-gfx=262144"
Refreshing native plugins compatible for Editor in 121.22 ms, found 4 plugins.
Preloading 0 native plugins for Editor in 0.00 ms.
Initialize engine version: 2021.3.1f1 (3b70a0754835)
[Subsystems] Discovering subsystems at path C:/Program Files/Unity/Hub/Editor/2021.3.1f1/Editor/Data/Resources/UnitySubsystems
[Subsystems] Discovering subsystems at path C:/Users/Gabriel/Desktop/Jogos 2022/Foodmon/Unity/CartaComida/Assets
GfxDevice: creating device client; threaded=0; jobified=0
Direct3D:
    Version:  Direct3D 11.0 [level 11.1]
    Renderer: Microsoft Basic Render Driver (ID=0x8c)
    Vendor:   Microsoft
    VRAM:     8079 MB
Initialize mono
Mono path[0] = 'C:/Program Files/Unity/Hub/Editor/2021.3.1f1/Editor/Data/Managed'
Mono path[1] = 'C:/Program Files/Unity/Hub/Editor/2021.3.1f1/Editor/Data/MonoBleedingEdge/lib/mono/unityjit-win32'
Mono config path = 'C:/Program Files/Unity/Hub/Editor/2021.3.1f1/Editor/Data/MonoBleedingEdge/etc'
Using monoOptions --debugger-agent=transport=dt_socket,embedding=1,server=y,suspend=n,address=127.0.0.1:56752
Begin MonoManager ReloadAssembly
Registering precompiled unity dll's ...
Register platform support module: C:/Program Files/Unity/Hub/Editor/2021.3.1f1/Editor/Data/PlaybackEngines/WebGLSupport/UnityEditor.WebGL.Extensions.dll
Register platform support module: C:/Program Files/Unity/Hub/Editor/2021.3.1f1/Editor/Data/PlaybackEngines/AndroidPlayer/UnityEditor.Android.Extensions.dll
Register platform support module: C:/Program Files/Unity/Hub/Editor/2021.3.1f1/Editor/Data/PlaybackEngines/iOSSupport/UnityEditor.iOS.Extensions.dll
Register platform support module: C:/Program Files/Unity/Hub/Editor/2021.3.1f1/Editor/Data/PlaybackEngines/WindowsStandaloneSupport/UnityEditor.WindowsStandalone.Extensions.dll
Registered in 0.010010 seconds.
Native extension for WindowsStandalone target not found
[usbmuxd] Start listen thread
[usbmuxd] Listen thread started
Native extension for iOS target not found
Native extension for Android target not found
Native extension for WebGL target not found
Refreshing native plugins compatible for Editor in 175.55 ms, found 4 plugins.
Preloading 0 native plugins for Editor in 0.00 ms.
Mono: successfully reloaded assembly
- Completed reload, in  1.113 seconds
Domain Reload Profiling:
	ReloadAssembly (1114ms)
		BeginReloadAssembly (98ms)
			ExecutionOrderSort (0ms)
			DisableScriptedObjects (0ms)
			BackupInstance (0ms)
			ReleaseScriptingObjects (0ms)
			CreateAndSetChildDomain (1ms)
		EndReloadAssembly (842ms)
			LoadAssemblies (99ms)
			RebuildTransferFunctionScriptingTraits (0ms)
			SetupTypeCache (240ms)
			ReleaseScriptCaches (0ms)
			RebuildScriptCaches (50ms)
			SetupLoadedEditorAssemblies (471ms)
				LogAssemblyErrors (0ms)
				InitializePlatformSupportModulesInManaged (116ms)
				SetLoadedEditorAssemblies (0ms)
				RefreshPlugins (176ms)
				BeforeProcessingInitializeOnLoad (2ms)
				ProcessInitializeOnLoadAttributes (121ms)
				ProcessInitializeOnLoadMethodAttributes (56ms)
				AfterProcessingInitializeOnLoad (0ms)
				EditorAssembliesLoaded (0ms)
			ExecutionOrderSort2 (0ms)
			AwakeInstancesAfterBackupRestoration (0ms)
Platform modules already initialized, skipping
Registering precompiled user dll's ...
Registered in 0.009280 seconds.
Begin MonoManager ReloadAssembly
Symbol file LoadedFromMemory doesn't match image C:\Users\Gabriel\Desktop\Jogos 2022\Foodmon\Unity\CartaComida\Library\PackageCache\com.unity.visualscripting@1.7.6\Editor\VisualScripting.Core\Dependencies\YamlDotNet\Unity.VisualScripting.YamlDotNet.dll
Symbol file LoadedFromMemory is not a mono symbol file
Symbol file LoadedFromMemory doesn't match image C:\Users\Gabriel\Desktop\Jogos 2022\Foodmon\Unity\CartaComida\Library\PackageCache\com.unity.visualscripting@1.7.6\Editor\VisualScripting.Core\Dependencies\DotNetZip\Unity.VisualScripting.IonicZip.dll
Native extension for WindowsStandalone target not found
Native extension for iOS target not found
Native extension for Android target not found
Native extension for WebGL target not found
Refreshing native plugins compatible for Editor in 200.96 ms, found 4 plugins.
Preloading 0 native plugins for Editor in 0.00 ms.
Mono: successfully reloaded assembly
- Completed reload, in  2.288 seconds
Domain Reload Profiling:
	ReloadAssembly (2289ms)
		BeginReloadAssembly (303ms)
			ExecutionOrderSort (0ms)
			DisableScriptedObjects (11ms)
			BackupInstance (0ms)
			ReleaseScriptingObjects (0ms)
			CreateAndSetChildDomain (145ms)
		EndReloadAssembly (1839ms)
			LoadAssemblies (130ms)
			RebuildTransferFunctionScriptingTraits (0ms)
			SetupTypeCache (533ms)
			ReleaseScriptCaches (1ms)
			RebuildScriptCaches (83ms)
			SetupLoadedEditorAssemblies (1037ms)
				LogAssemblyErrors (0ms)
				InitializePlatformSupportModulesInManaged (26ms)
				SetLoadedEditorAssemblies (0ms)
				RefreshPlugins (201ms)
				BeforeProcessingInitializeOnLoad (292ms)
				ProcessInitializeOnLoadAttributes (463ms)
				ProcessInitializeOnLoadMethodAttributes (47ms)
				AfterProcessingInitializeOnLoad (8ms)
				EditorAssembliesLoaded (0ms)
			ExecutionOrderSort2 (0ms)
			AwakeInstancesAfterBackupRestoration (6ms)
Platform modules already initialized, skipping
========================================================================
Worker process is ready to serve import requests
Launched and connected shader compiler UnityShaderCompiler.exe after 0.09 seconds
Refreshing native plugins compatible for Editor in 1.19 ms, found 4 plugins.
Preloading 0 native plugins for Editor in 0.00 ms.
Unloading 4418 Unused Serialized files (Serialized files now loaded: 0)
Unloading 34 unused Assets / (55.7 KB). Loaded Objects now: 4884.
Memory consumption went from 163.3 MB to 163.3 MB.
Total: 8.564800 ms (FindLiveObjects: 0.476300 ms CreateObjectMapping: 0.440600 ms MarkObjects: 7.500500 ms  DeleteObjects: 0.146100 ms)

AssetImportParameters requested are different than current active one (requested -> active):
  custom:video-decoder-ogg-theora: a1e56fd34408186e4bbccfd4996cb3dc -> 
  custom:container-muxer-webm: aa71ff27fc2769a1b78a27578f13a17b -> 
  custom:container-demuxer-webm: 4f35f7cbe854078d1ac9338744f61a02 -> 
  custom:video-encoder-webm-vp8: eb34c28f22e8b96e1ab97ce403110664 -> 
  custom:audio-encoder-webm-vorbis: bf7c407c2cedff20999df2af8eb42d56 -> 
  custom:framework-win-MediaFoundation: 216162199b28c13a410421893ffa2e32 -> 
  custom:container-demuxer-ogg: 62fdf1f143b41e24485cea50d1cbac27 -> 
  custom:video-decoder-webm-vp8: 9c59270c3fd7afecdb556c50c9e8de78 -> 
  custom:audio-decoder-ogg-vorbis: bf7c407c2cedff20999df2af8eb42d56 -> 
========================================================================
Received Import Request.
  Time since last request: 22181.475381 seconds.
  path: Assets/Scripts/Game/GameController.cs
  artifactKey: Guid(023b19800f56ddd48bb060eb46021b76) Importer(815301076,1909f56bfc062723c751e8b465ee728b)
Start importing Assets/Scripts/Game/GameController.cs using Guid(023b19800f56ddd48bb060eb46021b76) Importer(815301076,1909f56bfc062723c751e8b465ee728b)  -> (artifact id: '8952ca5f56ec89e7689a4c5ae843ebbb') in 0.054559 seconds 
========================================================================
Received Import Request.
  Time since last request: 204.271463 seconds.
  path: Assets/Scripts/Game/GameController.cs
  artifactKey: Guid(023b19800f56ddd48bb060eb46021b76) Importer(815301076,1909f56bfc062723c751e8b465ee728b)
Start importing Assets/Scripts/Game/GameController.cs using Guid(023b19800f56ddd48bb060eb46021b76) Importer(815301076,1909f56bfc062723c751e8b465ee728b)  -> (artifact id: 'b4a0597cc21a44693256d82bb86cecfb') in 0.003226 seconds 
========================================================================
Received Prepare
Registering precompiled user dll's ...
Registered in 0.006095 seconds.
Begin MonoManager ReloadAssembly
Symbol file LoadedFromMemory doesn't match image C:\Users\Gabriel\Desktop\Jogos 2022\Foodmon\Unity\CartaComida\Library\PackageCache\com.unity.visualscripting@1.7.6\Editor\VisualScripting.Core\Dependencies\YamlDotNet\Unity.VisualScripting.YamlDotNet.dll
Symbol file LoadedFromMemory is not a mono symbol file
Symbol file LoadedFromMemory doesn't match image C:\Users\Gabriel\Desktop\Jogos 2022\Foodmon\Unity\CartaComida\Library\PackageCache\com.unity.visualscripting@1.7.6\Editor\VisualScripting.Core\Dependencies\DotNetZip\Unity.VisualScripting.IonicZip.dll
Native extension for WindowsStandalone target not found
Native extension for iOS target not found
Native extension for Android target not found
Native extension for WebGL target not found
Refreshing native plugins compatible for Editor in 0.84 ms, found 4 plugins.
Preloading 0 native plugins for Editor in 0.00 ms.
Mono: successfully reloaded assembly
- Completed reload, in  2.444 seconds
Domain Reload Profiling:
	ReloadAssembly (2444ms)
		BeginReloadAssembly (338ms)
			ExecutionOrderSort (0ms)
			DisableScriptedObjects (17ms)
			BackupInstance (0ms)
			ReleaseScriptingObjects (0ms)
			CreateAndSetChildDomain (51ms)
		EndReloadAssembly (1944ms)
			LoadAssemblies (470ms)
			RebuildTransferFunctionScriptingTraits (0ms)
			SetupTypeCache (537ms)
			ReleaseScriptCaches (3ms)
			RebuildScriptCaches (101ms)
			SetupLoadedEditorAssemblies (715ms)
				LogAssemblyErrors (0ms)
				InitializePlatformSupportModulesInManaged (105ms)
				SetLoadedEditorAssemblies (0ms)
				RefreshPlugins (1ms)
				BeforeProcessingInitializeOnLoad (88ms)
				ProcessInitializeOnLoadAttributes (410ms)
				ProcessInitializeOnLoadMethodAttributes (102ms)
				AfterProcessingInitializeOnLoad (8ms)
				EditorAssembliesLoaded (0ms)
			ExecutionOrderSort2 (0ms)
			AwakeInstancesAfterBackupRestoration (35ms)
Platform modules already initialized, skipping
Refreshing native plugins compatible for Editor in 2.36 ms, found 4 plugins.
Preloading 0 native plugins for Editor in 0.00 ms.
Unloading 4395 Unused Serialized files (Serialized files now loaded: 0)
Unloading 21 unused Assets / (24.6 KB). Loaded Objects now: 4887.
Memory consumption went from 162.5 MB to 162.5 MB.
Total: 3.936100 ms (FindLiveObjects: 0.401000 ms CreateObjectMapping: 0.283400 ms MarkObjects: 3.226000 ms  DeleteObjects: 0.024800 ms)

AssetImportParameters requested are different than current active one (requested -> active):
  custom:video-decoder-ogg-theora: a1e56fd34408186e4bbccfd4996cb3dc -> 
  custom:container-muxer-webm: aa71ff27fc2769a1b78a27578f13a17b -> 
  custom:container-demuxer-webm: 4f35f7cbe854078d1ac9338744f61a02 -> 
  custom:video-encoder-webm-vp8: eb34c28f22e8b96e1ab97ce403110664 -> 
  custom:audio-encoder-webm-vorbis: bf7c407c2cedff20999df2af8eb42d56 -> 
  custom:framework-win-MediaFoundation: 216162199b28c13a410421893ffa2e32 -> 
  custom:container-demuxer-ogg: 62fdf1f143b41e24485cea50d1cbac27 -> 
  custom:video-decoder-webm-vp8: 9c59270c3fd7afecdb556c50c9e8de78 -> 
  custom:audio-decoder-ogg-vorbis: bf7c407c2cedff20999df2af8eb42d56 -> 
========================================================================
Received Prepare
Registering precompiled user dll's ...
Registered in 0.006625 seconds.
Begin MonoManager ReloadAssembly
Symbol file LoadedFromMemory doesn't match image C:\Users\Gabriel\Desktop\Jogos 2022\Foodmon\Unity\CartaComida\Library\PackageCache\com.unity.visualscripting@1.7.6\Editor\VisualScripting.Core\Dependencies\YamlDotNet\Unity.VisualScripting.YamlDotNet.dll
Symbol file LoadedFromMemory is not a mono symbol file
Symbol file LoadedFromMemory doesn't match image C:\Users\Gabriel\Desktop\Jogos 2022\Foodmon\Unity\CartaComida\Library\PackageCache\com.unity.visualscripting@1.7.6\Editor\VisualScripting.Core\Dependencies\DotNetZip\Unity.VisualScripting.IonicZip.dll
Native extension for WindowsStandalone target not found
Native extension for iOS target not found
Native extension for Android target not found
Native extension for WebGL target not found
Refreshing native plugins compatible for Editor in 0.75 ms, found 4 plugins.
Preloading 0 native plugins for Editor in 0.00 ms.
Mono: successfully reloaded assembly
- Completed reload, in  6.618 seconds
Domain Reload Profiling:
	ReloadAssembly (6619ms)
		BeginReloadAssembly (816ms)
			ExecutionOrderSort (0ms)
			DisableScriptedObjects (29ms)
			BackupInstance (0ms)
			ReleaseScriptingObjects (0ms)
			CreateAndSetChildDomain (151ms)
		EndReloadAssembly (4740ms)
			LoadAssemblies (949ms)
			RebuildTransferFunctionScriptingTraits (0ms)
			SetupTypeCache (2524ms)
			ReleaseScriptCaches (2ms)
			RebuildScriptCaches (541ms)
			SetupLoadedEditorAssemblies (651ms)
				LogAssemblyErrors (0ms)
				InitializePlatformSupportModulesInManaged (40ms)
				SetLoadedEditorAssemblies (1ms)
				RefreshPlugins (1ms)
				BeforeProcessingInitializeOnLoad (124ms)
				ProcessInitializeOnLoadAttributes (422ms)
				ProcessInitializeOnLoadMethodAttributes (50ms)
				AfterProcessingInitializeOnLoad (13ms)
				EditorAssembliesLoaded (0ms)
			ExecutionOrderSort2 (0ms)
			AwakeInstancesAfterBackupRestoration (141ms)
Platform modules already initialized, skipping
Refreshing native plugins compatible for Editor in 2.13 ms, found 4 plugins.
Preloading 0 native plugins for Editor in 0.00 ms.
Unloading 4395 Unused Serialized files (Serialized files now loaded: 0)
Unloading 21 unused Assets / (24.7 KB). Loaded Objects now: 4890.
Memory consumption went from 162.5 MB to 162.5 MB.
Total: 3.200900 ms (FindLiveObjects: 0.311700 ms CreateObjectMapping: 0.282300 ms MarkObjects: 2.588300 ms  DeleteObjects: 0.018000 ms)

AssetImportParameters requested are different than current active one (requested -> active):
  custom:video-decoder-ogg-theora: a1e56fd34408186e4bbccfd4996cb3dc -> 
  custom:container-muxer-webm: aa71ff27fc2769a1b78a27578f13a17b -> 
  custom:container-demuxer-webm: 4f35f7cbe854078d1ac9338744f61a02 -> 
  custom:video-encoder-webm-vp8: eb34c28f22e8b96e1ab97ce403110664 -> 
  custom:audio-encoder-webm-vorbis: bf7c407c2cedff20999df2af8eb42d56 -> 
  custom:framework-win-MediaFoundation: 216162199b28c13a410421893ffa2e32 -> 
  custom:container-demuxer-ogg: 62fdf1f143b41e24485cea50d1cbac27 -> 
  custom:video-decoder-webm-vp8: 9c59270c3fd7afecdb556c50c9e8de78 -> 
  custom:audio-decoder-ogg-vorbis: bf7c407c2cedff20999df2af8eb42d56 -> 
========================================================================
Received Import Request.
  Time since last request: 74.645291 seconds.
  path: Assets/Prefabs/Game Scene.prefab
  artifactKey: Guid(a122bd11d3b42fb44aa250f93fddd9ff) Importer(815301076,1909f56bfc062723c751e8b465ee728b)
Start importing Assets/Prefabs/Game Scene.prefab using Guid(a122bd11d3b42fb44aa250f93fddd9ff) Importer(815301076,1909f56bfc062723c751e8b465ee728b)  -> (artifact id: '819e3cc3ba82ab94859734af0540c7dc') in 0.074915 seconds 
========================================================================
Received Import Request.
  Time since last request: 6.165427 seconds.
  path: Assets/Prefabs/Game Scene.prefab
  artifactKey: Guid(a122bd11d3b42fb44aa250f93fddd9ff) Importer(815301076,1909f56bfc062723c751e8b465ee728b)
Start importing Assets/Prefabs/Game Scene.prefab using Guid(a122bd11d3b42fb44aa250f93fddd9ff) Importer(815301076,1909f56bfc062723c751e8b465ee728b)  -> (artifact id: 'cda04c65ec468866d95fc498d7a81d6b') in 0.062135 seconds 
========================================================================
Received Import Request.
  Time since last request: 3.164066 seconds.
  path: Assets/Prefabs/Game Scene.prefab
  artifactKey: Guid(a122bd11d3b42fb44aa250f93fddd9ff) Importer(815301076,1909f56bfc062723c751e8b465ee728b)
Start importing Assets/Prefabs/Game Scene.prefab using Guid(a122bd11d3b42fb44aa250f93fddd9ff) Importer(815301076,1909f56bfc062723c751e8b465ee728b)  -> (artifact id: '8bd6cefa5cf308dfc8d02d122b800fd7') in 0.026413 seconds 
========================================================================
Received Import Request.
  Time since last request: 4.966152 seconds.
  path: Assets/Prefabs/Game Scene.prefab
  artifactKey: Guid(a122bd11d3b42fb44aa250f93fddd9ff) Importer(815301076,1909f56bfc062723c751e8b465ee728b)
Start importing Assets/Prefabs/Game Scene.prefab using Guid(a122bd11d3b42fb44aa250f93fddd9ff) Importer(815301076,1909f56bfc062723c751e8b465ee728b)  -> (artifact id: '19547db4c8cc55d1839b754148c50452') in 0.027547 seconds 
========================================================================
Received Import Request.
  Time since last request: 127.282321 seconds.
  path: Assets/Prefabs/Game Scene.prefab
  artifactKey: Guid(a122bd11d3b42fb44aa250f93fddd9ff) Importer(815301076,1909f56bfc062723c751e8b465ee728b)
Start importing Assets/Prefabs/Game Scene.prefab using Guid(a122bd11d3b42fb44aa250f93fddd9ff) Importer(815301076,1909f56bfc062723c751e8b465ee728b)  -> (artifact id: '94e124e71d13e328650cf7bd0194b664') in 0.077812 seconds 
========================================================================
Received Import Request.
  Time since last request: 23.205075 seconds.
  path: Assets/Prefabs/Foodmon/Spices/garlic.png
  artifactKey: Guid(7cfa51f8009b28e4791cff6a4ba5385a) Importer(815301076,1909f56bfc062723c751e8b465ee728b)
Start importing Assets/Prefabs/Foodmon/Spices/garlic.png using Guid(7cfa51f8009b28e4791cff6a4ba5385a) Importer(815301076,1909f56bfc062723c751e8b465ee728b)  -> (artifact id: 'ddb4c17779a039a57bcfa4385113c187') in 0.469097 seconds 
========================================================================
Received Import Request.
  Time since last request: 0.000054 seconds.
  path: Assets/Prefabs/Foodmon/Spices/ketchup.png
  artifactKey: Guid(7166395cc843952419b863788d382a87) Importer(815301076,1909f56bfc062723c751e8b465ee728b)
Start importing Assets/Prefabs/Foodmon/Spices/ketchup.png using Guid(7166395cc843952419b863788d382a87) Importer(815301076,1909f56bfc062723c751e8b465ee728b)  -> (artifact id: 'f1b6c37165c81fcc9b1d3562f88535b1') in 0.083077 seconds 
========================================================================
Received Import Request.
  Time since last request: 0.000033 seconds.
  path: Assets/Prefabs/Foodmon/Spices/olive_oil.png
  artifactKey: Guid(c432dda2d1f43444a98760e6366628b9) Importer(815301076,1909f56bfc062723c751e8b465ee728b)
Start importing Assets/Prefabs/Foodmon/Spices/olive_oil.png using Guid(c432dda2d1f43444a98760e6366628b9) Importer(815301076,1909f56bfc062723c751e8b465ee728b)  -> (artifact id: '4ba5da7e4be39fa21a021e512cdcd929') in 0.174885 seconds 
========================================================================
Received Import Request.
  Time since last request: 0.000093 seconds.
  path: Assets/Prefabs/Foodmon/Spices/mustard.png
  artifactKey: Guid(1a1e6b53cc6a5de4e88fe7ef544be1bf) Importer(815301076,1909f56bfc062723c751e8b465ee728b)
Start importing Assets/Prefabs/Foodmon/Spices/mustard.png using Guid(1a1e6b53cc6a5de4e88fe7ef544be1bf) Importer(815301076,1909f56bfc062723c751e8b465ee728b)  -> (artifact id: '0b0681ee5e35a8f125ff39ca8894b794') in 0.109791 seconds 
========================================================================
Received Import Request.
  Time since last request: 0.000032 seconds.
  path: Assets/Prefabs/Foodmon/Spices/mayonnaise.png
  artifactKey: Guid(f929c9520efe56e43a179b77df1a9de7) Importer(815301076,1909f56bfc062723c751e8b465ee728b)
Start importing Assets/Prefabs/Foodmon/Spices/mayonnaise.png using Guid(f929c9520efe56e43a179b77df1a9de7) Importer(815301076,1909f56bfc062723c751e8b465ee728b)  -> (artifact id: '29fed7b0b347a86d19f4e7dc17e758af') in 0.107545 seconds 
========================================================================
Received Import Request.
  Time since last request: 0.000216 seconds.
  path: Assets/Prefabs/Foodmon/Spices/honey.png
  artifactKey: Guid(47509badf22bec240b5e7ce3f70d3924) Importer(815301076,1909f56bfc062723c751e8b465ee728b)
Start importing Assets/Prefabs/Foodmon/Spices/honey.png using Guid(47509badf22bec240b5e7ce3f70d3924) Importer(815301076,1909f56bfc062723c751e8b465ee728b)  -> (artifact id: '665e363ab5255db0ea04fd6a6fd0720f') in 0.079540 seconds 
========================================================================
Received Import Request.
  Time since last request: 23.734896 seconds.
  path: Assets/Prefabs/Foodmon/Spices/Card squid_ring.prefab
  artifactKey: Guid(f9eb2cfccdb057c4e8f073a8b2e29b61) Importer(815301076,1909f56bfc062723c751e8b465ee728b)
Start importing Assets/Prefabs/Foodmon/Spices/Card squid_ring.prefab using Guid(f9eb2cfccdb057c4e8f073a8b2e29b61) Importer(815301076,1909f56bfc062723c751e8b465ee728b)  -> (artifact id: '60d4dd335d42445a70f81cea3497f28b') in 0.034110 seconds 
========================================================================
Received Import Request.
  Time since last request: 17.840822 seconds.
  path: Assets/Prefabs/Foodmon/Spices/Card garlic.prefab
  artifactKey: Guid(f9eb2cfccdb057c4e8f073a8b2e29b61) Importer(815301076,1909f56bfc062723c751e8b465ee728b)
Start importing Assets/Prefabs/Foodmon/Spices/Card garlic.prefab using Guid(f9eb2cfccdb057c4e8f073a8b2e29b61) Importer(815301076,1909f56bfc062723c751e8b465ee728b)  -> (artifact id: 'be1b5f734755e37c10997fc4b508941b') in 0.029400 seconds 
========================================================================
Received Import Request.
  Time since last request: 22.775338 seconds.
  path: Assets/Prefabs/Foodmon/Spices/Card garlic.prefab
  artifactKey: Guid(f9eb2cfccdb057c4e8f073a8b2e29b61) Importer(815301076,1909f56bfc062723c751e8b465ee728b)
Start importing Assets/Prefabs/Foodmon/Spices/Card garlic.prefab using Guid(f9eb2cfccdb057c4e8f073a8b2e29b61) Importer(815301076,1909f56bfc062723c751e8b465ee728b)  -> (artifact id: 'fb73584bd4748c0c4a3da5359f93a5be') in 0.020506 seconds 
========================================================================
Received Import Request.
  Time since last request: 4.056783 seconds.
  path: Assets/Prefabs/Foodmon/Spices/Card garlic.prefab
  artifactKey: Guid(f9eb2cfccdb057c4e8f073a8b2e29b61) Importer(815301076,1909f56bfc062723c751e8b465ee728b)
Start importing Assets/Prefabs/Foodmon/Spices/Card garlic.prefab using Guid(f9eb2cfccdb057c4e8f073a8b2e29b61) Importer(815301076,1909f56bfc062723c751e8b465ee728b)  -> (artifact id: '301abe11d058791349d02c6395c94698') in 0.022255 seconds 
========================================================================
Received Import Request.
  Time since last request: 3.149378 seconds.
  path: Assets/Prefabs/Foodmon/Spices/Card garlic.prefab
  artifactKey: Guid(f9eb2cfccdb057c4e8f073a8b2e29b61) Importer(815301076,1909f56bfc062723c751e8b465ee728b)
Start importing Assets/Prefabs/Foodmon/Spices/Card garlic.prefab using Guid(f9eb2cfccdb057c4e8f073a8b2e29b61) Importer(815301076,1909f56bfc062723c751e8b465ee728b)  -> (artifact id: 'fbc54dd06cd17ea001d6d453adfca790') in 0.024655 seconds 
========================================================================
Received Import Request.
  Time since last request: 53.805133 seconds.
  path: Assets/Prefabs/Foodmon/Spices/Card garlic.prefab
  artifactKey: Guid(f9eb2cfccdb057c4e8f073a8b2e29b61) Importer(815301076,1909f56bfc062723c751e8b465ee728b)
Start importing Assets/Prefabs/Foodmon/Spices/Card garlic.prefab using Guid(f9eb2cfccdb057c4e8f073a8b2e29b61) Importer(815301076,1909f56bfc062723c751e8b465ee728b)  -> (artifact id: 'c4e88639dea1e4d0d4ee6bbeae1d09a8') in 0.038107 seconds 
========================================================================
Received Import Request.
  Time since last request: 9.436140 seconds.
  path: Assets/Prefabs/Foodmon/Spices/Card garlic 1.prefab
  artifactKey: Guid(1db1db4ccbb32774ab670cb69fd503a6) Importer(815301076,1909f56bfc062723c751e8b465ee728b)
Start importing Assets/Prefabs/Foodmon/Spices/Card garlic 1.prefab using Guid(1db1db4ccbb32774ab670cb69fd503a6) Importer(815301076,1909f56bfc062723c751e8b465ee728b)  -> (artifact id: '04a32de3644796061e5dbc85fb32b521') in 0.037621 seconds 
========================================================================
Received Import Request.
  Time since last request: 1.530371 seconds.
  path: Assets/Prefabs/Foodmon/Spices/Card garlic 2.prefab
  artifactKey: Guid(3df80db0ca8741045ae90400f10984f9) Importer(815301076,1909f56bfc062723c751e8b465ee728b)
Start importing Assets/Prefabs/Foodmon/Spices/Card garlic 2.prefab using Guid(3df80db0ca8741045ae90400f10984f9) Importer(815301076,1909f56bfc062723c751e8b465ee728b)  -> (artifact id: '5c88fd26519fe6a129105ae6dfaec374') in 0.025284 seconds 
========================================================================
Received Import Request.
  Time since last request: 0.936240 seconds.
  path: Assets/Prefabs/Foodmon/Spices/Card garlic 3.prefab
  artifactKey: Guid(06b47ee134a997c4d8ab6c1a92316676) Importer(815301076,1909f56bfc062723c751e8b465ee728b)
Start importing Assets/Prefabs/Foodmon/Spices/Card garlic 3.prefab using Guid(06b47ee134a997c4d8ab6c1a92316676) Importer(815301076,1909f56bfc062723c751e8b465ee728b)  -> (artifact id: '3df9778fbb2e765a4ed261afa97013c6') in 0.035812 seconds 
========================================================================
Received Import Request.
  Time since last request: 4.537765 seconds.
  path: Assets/Prefabs/Foodmon/Spices/Card garlic 4.prefab
  artifactKey: Guid(8a6ca6b8455a83f41a0eef1ae6116e89) Importer(815301076,1909f56bfc062723c751e8b465ee728b)
Start importing Assets/Prefabs/Foodmon/Spices/Card garlic 4.prefab using Guid(8a6ca6b8455a83f41a0eef1ae6116e89) Importer(815301076,1909f56bfc062723c751e8b465ee728b)  -> (artifact id: '649f34988814b0106dbf5c0ab818f339') in 0.038833 seconds 
========================================================================
Received Import Request.
  Time since last request: 0.653108 seconds.
  path: Assets/Prefabs/Foodmon/Spices/Card garlic 5.prefab
  artifactKey: Guid(3af7267f6d520244b99ee91c68c2f9f6) Importer(815301076,1909f56bfc062723c751e8b465ee728b)
Start importing Assets/Prefabs/Foodmon/Spices/Card garlic 5.prefab using Guid(3af7267f6d520244b99ee91c68c2f9f6) Importer(815301076,1909f56bfc062723c751e8b465ee728b)  -> (artifact id: 'd3259a96f84f0b029ad13c81a55f792f') in 0.042824 seconds 
========================================================================
Received Import Request.
  Time since last request: 0.748023 seconds.
  path: Assets/Prefabs/Foodmon/Spices/Card garlic 6.prefab
  artifactKey: Guid(3c8f5a705a5644444962716489f52494) Importer(815301076,1909f56bfc062723c751e8b465ee728b)
Start importing Assets/Prefabs/Foodmon/Spices/Card garlic 6.prefab using Guid(3c8f5a705a5644444962716489f52494) Importer(815301076,1909f56bfc062723c751e8b465ee728b)  -> (artifact id: '24cbaa9af7095c78b118896438dbd99d') in 0.036960 seconds 
========================================================================
Received Import Request.
  Time since last request: 0.911800 seconds.
  path: Assets/Prefabs/Foodmon/Spices/Card garlic 7.prefab
  artifactKey: Guid(126bdf0dd83755a4eb1bad62c7690b96) Importer(815301076,1909f56bfc062723c751e8b465ee728b)
Start importing Assets/Prefabs/Foodmon/Spices/Card garlic 7.prefab using Guid(126bdf0dd83755a4eb1bad62c7690b96) Importer(815301076,1909f56bfc062723c751e8b465ee728b)  -> (artifact id: 'da57bff8ef68a4c2fbdb75fb4dbeec82') in 0.035888 seconds 
========================================================================
Received Import Request.
  Time since last request: 0.649063 seconds.
  path: Assets/Prefabs/Foodmon/Spices/Card garlic 8.prefab
  artifactKey: Guid(161dd8f2e8342dc499be596e648b10ee) Importer(815301076,1909f56bfc062723c751e8b465ee728b)
Start importing Assets/Prefabs/Foodmon/Spices/Card garlic 8.prefab using Guid(161dd8f2e8342dc499be596e648b10ee) Importer(815301076,1909f56bfc062723c751e8b465ee728b)  -> (artifact id: '63585a4bfb2aad8f3dc695fcba3fa7ff') in 0.043740 seconds 
========================================================================
Received Import Request.
  Time since last request: 0.647906 seconds.
  path: Assets/Prefabs/Foodmon/Spices/Card garlic 9.prefab
  artifactKey: Guid(9c55bf6181c2776408b272b23c888ac0) Importer(815301076,1909f56bfc062723c751e8b465ee728b)
Start importing Assets/Prefabs/Foodmon/Spices/Card garlic 9.prefab using Guid(9c55bf6181c2776408b272b23c888ac0) Importer(815301076,1909f56bfc062723c751e8b465ee728b)  -> (artifact id: '8871d819055463f6a10820415342776d') in 0.020344 seconds 
========================================================================
Received Import Request.
  Time since last request: 10.140750 seconds.
  path: Assets/Prefabs/Foodmon/Spices/Card ginger.prefab
  artifactKey: Guid(9c55bf6181c2776408b272b23c888ac0) Importer(815301076,1909f56bfc062723c751e8b465ee728b)
Start importing Assets/Prefabs/Foodmon/Spices/Card ginger.prefab using Guid(9c55bf6181c2776408b272b23c888ac0) Importer(815301076,1909f56bfc062723c751e8b465ee728b)  -> (artifact id: 'd8d241b4339fe7dd46c5512e9dbf5899') in 0.015872 seconds 
========================================================================
Received Import Request.
  Time since last request: 14.740380 seconds.
  path: Assets/Prefabs/Foodmon/Spices/Card ginger.prefab
  artifactKey: Guid(9c55bf6181c2776408b272b23c888ac0) Importer(815301076,1909f56bfc062723c751e8b465ee728b)
Start importing Assets/Prefabs/Foodmon/Spices/Card ginger.prefab using Guid(9c55bf6181c2776408b272b23c888ac0) Importer(815301076,1909f56bfc062723c751e8b465ee728b)  -> (artifact id: '97100a741c6d03c232fc0d3b86a56bff') in 0.018908 seconds 
========================================================================
Received Import Request.
  Time since last request: 11.324943 seconds.
  path: Assets/Prefabs/Foodmon/Spices/Card honey.prefab
  artifactKey: Guid(161dd8f2e8342dc499be596e648b10ee) Importer(815301076,1909f56bfc062723c751e8b465ee728b)
Start importing Assets/Prefabs/Foodmon/Spices/Card honey.prefab using Guid(161dd8f2e8342dc499be596e648b10ee) Importer(815301076,1909f56bfc062723c751e8b465ee728b)  -> (artifact id: '6245440d212cdcc37f3d1dcf42065c1c') in 0.022805 seconds 
========================================================================
Received Import Request.
  Time since last request: 10.787289 seconds.
  path: Assets/Prefabs/Foodmon/Spices/Card honey.prefab
  artifactKey: Guid(161dd8f2e8342dc499be596e648b10ee) Importer(815301076,1909f56bfc062723c751e8b465ee728b)
Start importing Assets/Prefabs/Foodmon/Spices/Card honey.prefab using Guid(161dd8f2e8342dc499be596e648b10ee) Importer(815301076,1909f56bfc062723c751e8b465ee728b)  -> (artifact id: '7104cfa1d4c227a1e062bc147376e6c2') in 0.009158 seconds 
========================================================================
Received Import Request.
  Time since last request: 17.298603 seconds.
  path: Assets/Prefabs/Foodmon/Spices/Card ketchup.prefab
  artifactKey: Guid(126bdf0dd83755a4eb1bad62c7690b96) Importer(815301076,1909f56bfc062723c751e8b465ee728b)
Start importing Assets/Prefabs/Foodmon/Spices/Card ketchup.prefab using Guid(126bdf0dd83755a4eb1bad62c7690b96) Importer(815301076,1909f56bfc062723c751e8b465ee728b)  -> (artifact id: '3542de7b4b6394af4cf203072935a774') in 0.016671 seconds 
========================================================================
Received Import Request.
  Time since last request: 7.125671 seconds.
  path: Assets/Prefabs/Foodmon/Spices/Card ketchup.prefab
  artifactKey: Guid(126bdf0dd83755a4eb1bad62c7690b96) Importer(815301076,1909f56bfc062723c751e8b465ee728b)
Start importing Assets/Prefabs/Foodmon/Spices/Card ketchup.prefab using Guid(126bdf0dd83755a4eb1bad62c7690b96) Importer(815301076,1909f56bfc062723c751e8b465ee728b)  -> (artifact id: '89924080440d07c510849565afdd28e8') in 0.056683 seconds 
========================================================================
Received Import Request.
  Time since last request: 28.684313 seconds.
  path: Assets/Prefabs/Foodmon/Spices/Card mayonnaise.prefab
  artifactKey: Guid(3c8f5a705a5644444962716489f52494) Importer(815301076,1909f56bfc062723c751e8b465ee728b)
Start importing Assets/Prefabs/Foodmon/Spices/Card mayonnaise.prefab using Guid(3c8f5a705a5644444962716489f52494) Importer(815301076,1909f56bfc062723c751e8b465ee728b)  -> (artifact id: '3350babc284aa3d448e37b7f0ba32265') in 0.033502 seconds 
========================================================================
Received Import Request.
  Time since last request: 9.114264 seconds.
  path: Assets/Prefabs/Foodmon/Spices/Card mayonnaise.prefab
  artifactKey: Guid(3c8f5a705a5644444962716489f52494) Importer(815301076,1909f56bfc062723c751e8b465ee728b)
Start importing Assets/Prefabs/Foodmon/Spices/Card mayonnaise.prefab using Guid(3c8f5a705a5644444962716489f52494) Importer(815301076,1909f56bfc062723c751e8b465ee728b)  -> (artifact id: '513c2f8a1d1810646d562fe4a8eb6ab9') in 0.012685 seconds 
========================================================================
Received Import Request.
  Time since last request: 19.909665 seconds.
  path: Assets/Prefabs/Foodmon/Spices/Card mustard.prefab
  artifactKey: Guid(3af7267f6d520244b99ee91c68c2f9f6) Importer(815301076,1909f56bfc062723c751e8b465ee728b)
Start importing Assets/Prefabs/Foodmon/Spices/Card mustard.prefab using Guid(3af7267f6d520244b99ee91c68c2f9f6) Importer(815301076,1909f56bfc062723c751e8b465ee728b)  -> (artifact id: '8d42fd1b354bfa8882a87c6b17f78c8d') in 0.026404 seconds 
========================================================================
Received Import Request.
  Time since last request: 7.333870 seconds.
  path: Assets/Prefabs/Foodmon/Spices/Card mustard.prefab
  artifactKey: Guid(3af7267f6d520244b99ee91c68c2f9f6) Importer(815301076,1909f56bfc062723c751e8b465ee728b)
Start importing Assets/Prefabs/Foodmon/Spices/Card mustard.prefab using Guid(3af7267f6d520244b99ee91c68c2f9f6) Importer(815301076,1909f56bfc062723c751e8b465ee728b)  -> (artifact id: '7b7cb2b3b09147a6d965ed4f4ef8630d') in 0.068426 seconds 
========================================================================
Received Import Request.
  Time since last request: 18.761050 seconds.
  path: Assets/Prefabs/Foodmon/Spices/Card olive_oil.prefab
  artifactKey: Guid(8a6ca6b8455a83f41a0eef1ae6116e89) Importer(815301076,1909f56bfc062723c751e8b465ee728b)
Start importing Assets/Prefabs/Foodmon/Spices/Card olive_oil.prefab using Guid(8a6ca6b8455a83f41a0eef1ae6116e89) Importer(815301076,1909f56bfc062723c751e8b465ee728b)  -> (artifact id: '61951e5ea480093016bd13dbcd808fb6') in 0.036784 seconds 
========================================================================
Received Import Request.
  Time since last request: 5.551005 seconds.
  path: Assets/Prefabs/Foodmon/Spices/Card olive_oil.prefab
  artifactKey: Guid(8a6ca6b8455a83f41a0eef1ae6116e89) Importer(815301076,1909f56bfc062723c751e8b465ee728b)
Start importing Assets/Prefabs/Foodmon/Spices/Card olive_oil.prefab using Guid(8a6ca6b8455a83f41a0eef1ae6116e89) Importer(815301076,1909f56bfc062723c751e8b465ee728b)  -> (artifact id: 'eadcbbb4fc9d607a9243372d746089a5') in 0.025169 seconds 
========================================================================
Received Import Request.
  Time since last request: 12.826008 seconds.
  path: Assets/Prefabs/Foodmon/Spices/Card pepper_sauce.prefab
  artifactKey: Guid(06b47ee134a997c4d8ab6c1a92316676) Importer(815301076,1909f56bfc062723c751e8b465ee728b)
Start importing Assets/Prefabs/Foodmon/Spices/Card pepper_sauce.prefab using Guid(06b47ee134a997c4d8ab6c1a92316676) Importer(815301076,1909f56bfc062723c751e8b465ee728b)  -> (artifact id: '86fd9eac64a58258f3363a8d100db29e') in 0.032654 seconds 
========================================================================
Received Import Request.
  Time since last request: 5.290102 seconds.
  path: Assets/Prefabs/Foodmon/Spices/Card pepper_sauce.prefab
  artifactKey: Guid(06b47ee134a997c4d8ab6c1a92316676) Importer(815301076,1909f56bfc062723c751e8b465ee728b)
Start importing Assets/Prefabs/Foodmon/Spices/Card pepper_sauce.prefab using Guid(06b47ee134a997c4d8ab6c1a92316676) Importer(815301076,1909f56bfc062723c751e8b465ee728b)  -> (artifact id: 'a3b2ddac03707ee1dce6e3b19993b7bc') in 0.037404 seconds 
========================================================================
Received Import Request.
  Time since last request: 10.343643 seconds.
  path: Assets/Prefabs/Foodmon/Spices/Card salt.prefab
  artifactKey: Guid(3df80db0ca8741045ae90400f10984f9) Importer(815301076,1909f56bfc062723c751e8b465ee728b)
Start importing Assets/Prefabs/Foodmon/Spices/Card salt.prefab using Guid(3df80db0ca8741045ae90400f10984f9) Importer(815301076,1909f56bfc062723c751e8b465ee728b)  -> (artifact id: 'dcaa56550b17c84c5278cd00a8c05700') in 0.028552 seconds 
========================================================================
Received Import Request.
  Time since last request: 7.361519 seconds.
  path: Assets/Prefabs/Foodmon/Spices/Card salt.prefab
  artifactKey: Guid(3df80db0ca8741045ae90400f10984f9) Importer(815301076,1909f56bfc062723c751e8b465ee728b)
Start importing Assets/Prefabs/Foodmon/Spices/Card salt.prefab using Guid(3df80db0ca8741045ae90400f10984f9) Importer(815301076,1909f56bfc062723c751e8b465ee728b)  -> (artifact id: 'e62b683c41bcdf9468833404e00791c3') in 0.074709 seconds 
========================================================================
Received Import Request.
  Time since last request: 12.730342 seconds.
  path: Assets/Prefabs/Foodmon/Spices/Card strong_pepper_sauce.prefab
  artifactKey: Guid(1db1db4ccbb32774ab670cb69fd503a6) Importer(815301076,1909f56bfc062723c751e8b465ee728b)
Start importing Assets/Prefabs/Foodmon/Spices/Card strong_pepper_sauce.prefab using Guid(1db1db4ccbb32774ab670cb69fd503a6) Importer(815301076,1909f56bfc062723c751e8b465ee728b)  -> (artifact id: 'ff0aa645534edd663f5f4ade792d4a4d') in 0.019581 seconds 
========================================================================
Received Import Request.
  Time since last request: 5.336126 seconds.
  path: Assets/Prefabs/Foodmon/Spices/Card strong_pepper_sauce.prefab
  artifactKey: Guid(1db1db4ccbb32774ab670cb69fd503a6) Importer(815301076,1909f56bfc062723c751e8b465ee728b)
Start importing Assets/Prefabs/Foodmon/Spices/Card strong_pepper_sauce.prefab using Guid(1db1db4ccbb32774ab670cb69fd503a6) Importer(815301076,1909f56bfc062723c751e8b465ee728b)  -> (artifact id: '97cb4efacf27b4db39148bfb21b72639') in 0.011309 seconds 
========================================================================
Received Import Request.
  Time since last request: 10.474560 seconds.
  path: Assets/Prefabs/Foodmon/Spices/Card garlic 1.prefab
  artifactKey: Guid(c5fa45a060a4b334fb4dd24c6144d572) Importer(815301076,1909f56bfc062723c751e8b465ee728b)
Start importing Assets/Prefabs/Foodmon/Spices/Card garlic 1.prefab using Guid(c5fa45a060a4b334fb4dd24c6144d572) Importer(815301076,1909f56bfc062723c751e8b465ee728b)  -> (artifact id: '582cf01c5f5758f130fb0de2c11e1ea1') in 0.014661 seconds 
========================================================================
Received Import Request.
  Time since last request: 11.125197 seconds.
  path: Assets/Prefabs/Foodmon/Spices/Card wasabi.prefab
  artifactKey: Guid(c5fa45a060a4b334fb4dd24c6144d572) Importer(815301076,1909f56bfc062723c751e8b465ee728b)
Start importing Assets/Prefabs/Foodmon/Spices/Card wasabi.prefab using Guid(c5fa45a060a4b334fb4dd24c6144d572) Importer(815301076,1909f56bfc062723c751e8b465ee728b)  -> (artifact id: 'b8c46f2896d15e32ef285d477c6c971b') in 0.015500 seconds 
========================================================================
Received Import Request.
  Time since last request: 7.021153 seconds.
  path: Assets/Prefabs/Foodmon/Spices/Card wasabi.prefab
  artifactKey: Guid(c5fa45a060a4b334fb4dd24c6144d572) Importer(815301076,1909f56bfc062723c751e8b465ee728b)
Start importing Assets/Prefabs/Foodmon/Spices/Card wasabi.prefab using Guid(c5fa45a060a4b334fb4dd24c6144d572) Importer(815301076,1909f56bfc062723c751e8b465ee728b)  -> (artifact id: 'cfd5db577273d76ab453ce87c115bfa9') in 0.052537 seconds 
========================================================================
Received Import Request.
  Time since last request: 30.018895 seconds.
  path: Assets/Prefabs/Foodmon/Spices/Card garlic.prefab
  artifactKey: Guid(f9eb2cfccdb057c4e8f073a8b2e29b61) Importer(815301076,1909f56bfc062723c751e8b465ee728b)
Start importing Assets/Prefabs/Foodmon/Spices/Card garlic.prefab using Guid(f9eb2cfccdb057c4e8f073a8b2e29b61) Importer(815301076,1909f56bfc062723c751e8b465ee728b)  -> (artifact id: '618b6b5ea970ca40f580415a043d61f5') in 0.008604 seconds 
========================================================================
Received Import Request.
  Time since last request: 52.192359 seconds.
  path: Assets/Prefabs/Foodmon/Spices/Card garlic.prefab
  artifactKey: Guid(f9eb2cfccdb057c4e8f073a8b2e29b61) Importer(815301076,1909f56bfc062723c751e8b465ee728b)
Start importing Assets/Prefabs/Foodmon/Spices/Card garlic.prefab using Guid(f9eb2cfccdb057c4e8f073a8b2e29b61) Importer(815301076,1909f56bfc062723c751e8b465ee728b)  -> (artifact id: 'df5842f730aeeaf238289e1d2a0b4b65') in 0.017951 seconds 
========================================================================
Received Import Request.
  Time since last request: 7.821759 seconds.
  path: Assets/Prefabs/Foodmon/Spices/Card ginger.prefab
  artifactKey: Guid(9c55bf6181c2776408b272b23c888ac0) Importer(815301076,1909f56bfc062723c751e8b465ee728b)
Start importing Assets/Prefabs/Foodmon/Spices/Card ginger.prefab using Guid(9c55bf6181c2776408b272b23c888ac0) Importer(815301076,1909f56bfc062723c751e8b465ee728b)  -> (artifact id: 'd18c773db3055042fc31706451030b8b') in 0.020279 seconds 
========================================================================
Received Import Request.
  Time since last request: 9.164704 seconds.
  path: Assets/Prefabs/Foodmon/Spices/Card honey.prefab
  artifactKey: Guid(161dd8f2e8342dc499be596e648b10ee) Importer(815301076,1909f56bfc062723c751e8b465ee728b)
Start importing Assets/Prefabs/Foodmon/Spices/Card honey.prefab using Guid(161dd8f2e8342dc499be596e648b10ee) Importer(815301076,1909f56bfc062723c751e8b465ee728b)  -> (artifact id: '6df0705736de7c2494c71cf023b2390f') in 0.020050 seconds 
========================================================================
Received Import Request.
  Time since last request: 15.242417 seconds.
  path: Assets/Prefabs/Foodmon/Spices/Card ketchup.prefab
  artifactKey: Guid(126bdf0dd83755a4eb1bad62c7690b96) Importer(815301076,1909f56bfc062723c751e8b465ee728b)
Start importing Assets/Prefabs/Foodmon/Spices/Card ketchup.prefab using Guid(126bdf0dd83755a4eb1bad62c7690b96) Importer(815301076,1909f56bfc062723c751e8b465ee728b)  -> (artifact id: 'cc5cc9a30205fc2de1ff819cedc62a59') in 0.026782 seconds 
========================================================================
Received Import Request.
  Time since last request: 6.448771 seconds.
  path: Assets/Prefabs/Foodmon/Spices/Card mayonnaise.prefab
  artifactKey: Guid(3c8f5a705a5644444962716489f52494) Importer(815301076,1909f56bfc062723c751e8b465ee728b)
Start importing Assets/Prefabs/Foodmon/Spices/Card mayonnaise.prefab using Guid(3c8f5a705a5644444962716489f52494) Importer(815301076,1909f56bfc062723c751e8b465ee728b)  -> (artifact id: 'e78ea57d9f0cf78510abfa666c6691a1') in 0.012940 seconds 
========================================================================
Received Import Request.
  Time since last request: 6.237670 seconds.
  path: Assets/Prefabs/Foodmon/Spices/Card mustard.prefab
  artifactKey: Guid(3af7267f6d520244b99ee91c68c2f9f6) Importer(815301076,1909f56bfc062723c751e8b465ee728b)
Start importing Assets/Prefabs/Foodmon/Spices/Card mustard.prefab using Guid(3af7267f6d520244b99ee91c68c2f9f6) Importer(815301076,1909f56bfc062723c751e8b465ee728b)  -> (artifact id: '60381b525cce59239359eb5a17a1a99b') in 0.009617 seconds 
========================================================================
Received Import Request.
  Time since last request: 8.016231 seconds.
  path: Assets/Prefabs/Foodmon/Spices/Card olive_oil.prefab
  artifactKey: Guid(8a6ca6b8455a83f41a0eef1ae6116e89) Importer(815301076,1909f56bfc062723c751e8b465ee728b)
Start importing Assets/Prefabs/Foodmon/Spices/Card olive_oil.prefab using Guid(8a6ca6b8455a83f41a0eef1ae6116e89) Importer(815301076,1909f56bfc062723c751e8b465ee728b)  -> (artifact id: 'bab7ba5775637c771d513ed90f0c2795') in 0.064526 seconds 
========================================================================
Received Import Request.
  Time since last request: 6.074732 seconds.
  path: Assets/Prefabs/Foodmon/Spices/Card pepper_sauce.prefab
  artifactKey: Guid(06b47ee134a997c4d8ab6c1a92316676) Importer(815301076,1909f56bfc062723c751e8b465ee728b)
Start importing Assets/Prefabs/Foodmon/Spices/Card pepper_sauce.prefab using Guid(06b47ee134a997c4d8ab6c1a92316676) Importer(815301076,1909f56bfc062723c751e8b465ee728b)  -> (artifact id: 'd41cab0b60a222704c723bb2dd67433b') in 0.024562 seconds 
========================================================================
Received Import Request.
  Time since last request: 6.641100 seconds.
  path: Assets/Prefabs/Foodmon/Spices/Card salt.prefab
  artifactKey: Guid(3df80db0ca8741045ae90400f10984f9) Importer(815301076,1909f56bfc062723c751e8b465ee728b)
Start importing Assets/Prefabs/Foodmon/Spices/Card salt.prefab using Guid(3df80db0ca8741045ae90400f10984f9) Importer(815301076,1909f56bfc062723c751e8b465ee728b)  -> (artifact id: '4831ffbcd7a9050267b8195db3a3641b') in 0.074544 seconds 
========================================================================
Received Import Request.
  Time since last request: 6.528744 seconds.
  path: Assets/Prefabs/Foodmon/Spices/Card strong_pepper_sauce.prefab
  artifactKey: Guid(1db1db4ccbb32774ab670cb69fd503a6) Importer(815301076,1909f56bfc062723c751e8b465ee728b)
Start importing Assets/Prefabs/Foodmon/Spices/Card strong_pepper_sauce.prefab using Guid(1db1db4ccbb32774ab670cb69fd503a6) Importer(815301076,1909f56bfc062723c751e8b465ee728b)  -> (artifact id: '2c6a32cf8eb35cdef1a8ae5d5947d804') in 0.048913 seconds 
========================================================================
Received Import Request.
  Time since last request: 7.033262 seconds.
  path: Assets/Prefabs/Foodmon/Spices/Card wasabi.prefab
  artifactKey: Guid(c5fa45a060a4b334fb4dd24c6144d572) Importer(815301076,1909f56bfc062723c751e8b465ee728b)
Start importing Assets/Prefabs/Foodmon/Spices/Card wasabi.prefab using Guid(c5fa45a060a4b334fb4dd24c6144d572) Importer(815301076,1909f56bfc062723c751e8b465ee728b)  -> (artifact id: '8350c3918131aa81101d2dda1da646e9') in 0.049144 seconds 
========================================================================
Received Import Request.
  Time since last request: 176.550131 seconds.
  path: Assets/Scriptable Objects/SpiceEffects/Test_01.asset
  artifactKey: Guid(7974ec365346a04499d61b669f396faf) Importer(815301076,1909f56bfc062723c751e8b465ee728b)
Start importing Assets/Scriptable Objects/SpiceEffects/Test_01.asset using Guid(7974ec365346a04499d61b669f396faf) Importer(815301076,1909f56bfc062723c751e8b465ee728b)  -> (artifact id: '6a3ca02bdd4adb89ad22cf0ee82a167a') in 0.041224 seconds 
========================================================================
Received Import Request.
  Time since last request: 28.652279 seconds.
  path: Assets/Scriptable Objects/SpiceEffects/Test_01 1.asset
  artifactKey: Guid(e19307dcca69e8440ad5f8db3a470d71) Importer(815301076,1909f56bfc062723c751e8b465ee728b)
Start importing Assets/Scriptable Objects/SpiceEffects/Test_01 1.asset using Guid(e19307dcca69e8440ad5f8db3a470d71) Importer(815301076,1909f56bfc062723c751e8b465ee728b)  -> (artifact id: '88ca7c9238c389478f04abdff12dabbe') in 0.024486 seconds 
========================================================================
Received Import Request.
  Time since last request: 0.124134 seconds.
  path: Assets/Scriptable Objects/SpiceEffects/Test_01.asset
  artifactKey: Guid(7974ec365346a04499d61b669f396faf) Importer(815301076,1909f56bfc062723c751e8b465ee728b)
Start importing Assets/Scriptable Objects/SpiceEffects/Test_01.asset using Guid(7974ec365346a04499d61b669f396faf) Importer(815301076,1909f56bfc062723c751e8b465ee728b)  -> (artifact id: '2f1605d8403d1381dc4ee2937fa5e02b') in 0.013456 seconds 
========================================================================
Received Import Request.
  Time since last request: 11.316395 seconds.
  path: Assets/Scriptable Objects/SpiceEffects/Test_02.asset
  artifactKey: Guid(e19307dcca69e8440ad5f8db3a470d71) Importer(815301076,1909f56bfc062723c751e8b465ee728b)
Start importing Assets/Scriptable Objects/SpiceEffects/Test_02.asset using Guid(e19307dcca69e8440ad5f8db3a470d71) Importer(815301076,1909f56bfc062723c751e8b465ee728b)  -> (artifact id: '144a0e213661b5ccc774306a99a0aee6') in 0.024376 seconds 
========================================================================
Received Import Request.
  Time since last request: 64.888098 seconds.
  path: Assets/Scriptable Objects/SpiceEffects/Test_02 1.asset
  artifactKey: Guid(fa3164d1932e5bd4395da1f1a1b2c53c) Importer(815301076,1909f56bfc062723c751e8b465ee728b)
Start importing Assets/Scriptable Objects/SpiceEffects/Test_02 1.asset using Guid(fa3164d1932e5bd4395da1f1a1b2c53c) Importer(815301076,1909f56bfc062723c751e8b465ee728b)  -> (artifact id: 'cbdc83dd72142844409e928fe971f23f') in 0.014614 seconds 
========================================================================
Received Import Request.
  Time since last request: 0.108505 seconds.
  path: Assets/Scriptable Objects/SpiceEffects/Test_02.asset
  artifactKey: Guid(e19307dcca69e8440ad5f8db3a470d71) Importer(815301076,1909f56bfc062723c751e8b465ee728b)
Start importing Assets/Scriptable Objects/SpiceEffects/Test_02.asset using Guid(e19307dcca69e8440ad5f8db3a470d71) Importer(815301076,1909f56bfc062723c751e8b465ee728b)  -> (artifact id: 'd3e6ea614c457c019809263e63110a54') in 0.008599 seconds 
========================================================================
Received Import Request.
  Time since last request: 4.126571 seconds.
  path: Assets/Scriptable Objects/SpiceEffects/Test_03.asset
  artifactKey: Guid(fa3164d1932e5bd4395da1f1a1b2c53c) Importer(815301076,1909f56bfc062723c751e8b465ee728b)
Start importing Assets/Scriptable Objects/SpiceEffects/Test_03.asset using Guid(fa3164d1932e5bd4395da1f1a1b2c53c) Importer(815301076,1909f56bfc062723c751e8b465ee728b)  -> (artifact id: '3e28c5e7620ec87df71913d125c212d1') in 0.014909 seconds 
========================================================================
Received Import Request.
  Time since last request: 24.026014 seconds.
  path: Assets/Scriptable Objects/SpiceEffects/Test_03 1.asset
  artifactKey: Guid(fefa83ea3685f7f48a7bd839d0da796f) Importer(815301076,1909f56bfc062723c751e8b465ee728b)
Start importing Assets/Scriptable Objects/SpiceEffects/Test_03 1.asset using Guid(fefa83ea3685f7f48a7bd839d0da796f) Importer(815301076,1909f56bfc062723c751e8b465ee728b)  -> (artifact id: '7c9144189a7453c4e4520761127f8d9b') in 0.016914 seconds 
========================================================================
Received Import Request.
  Time since last request: 0.023388 seconds.
  path: Assets/Scriptable Objects/SpiceEffects/Test_03.asset
  artifactKey: Guid(fa3164d1932e5bd4395da1f1a1b2c53c) Importer(815301076,1909f56bfc062723c751e8b465ee728b)
Start importing Assets/Scriptable Objects/SpiceEffects/Test_03.asset using Guid(fa3164d1932e5bd4395da1f1a1b2c53c) Importer(815301076,1909f56bfc062723c751e8b465ee728b)  -> (artifact id: '7a3be38933c00eccf1221f1057bc7567') in 0.015485 seconds 
========================================================================
Received Import Request.
  Time since last request: 4.865686 seconds.
  path: Assets/Scriptable Objects/SpiceEffects/Test_04.asset
  artifactKey: Guid(fefa83ea3685f7f48a7bd839d0da796f) Importer(815301076,1909f56bfc062723c751e8b465ee728b)
Start importing Assets/Scriptable Objects/SpiceEffects/Test_04.asset using Guid(fefa83ea3685f7f48a7bd839d0da796f) Importer(815301076,1909f56bfc062723c751e8b465ee728b)  -> (artifact id: '4f29bc78d017d9e0a1d5e6e14ebd623a') in 0.023386 seconds 
========================================================================
Received Import Request.
  Time since last request: 33.588546 seconds.
  path: Assets/Scriptable Objects/SpiceEffects/Test_04 1.asset
  artifactKey: Guid(6e98d5b3c16bb68499a677216cbb80fe) Importer(815301076,1909f56bfc062723c751e8b465ee728b)
Start importing Assets/Scriptable Objects/SpiceEffects/Test_04 1.asset using Guid(6e98d5b3c16bb68499a677216cbb80fe) Importer(815301076,1909f56bfc062723c751e8b465ee728b)  -> (artifact id: '294344f8fecd70f654d6a1323b9fbf96') in 0.018159 seconds 
========================================================================
Received Import Request.
  Time since last request: 0.102021 seconds.
  path: Assets/Scriptable Objects/SpiceEffects/Test_04.asset
  artifactKey: Guid(fefa83ea3685f7f48a7bd839d0da796f) Importer(815301076,1909f56bfc062723c751e8b465ee728b)
Start importing Assets/Scriptable Objects/SpiceEffects/Test_04.asset using Guid(fefa83ea3685f7f48a7bd839d0da796f) Importer(815301076,1909f56bfc062723c751e8b465ee728b)  -> (artifact id: 'f8fa7d40da07652294687b62f86c02a8') in 0.012746 seconds 
========================================================================
Received Import Request.
  Time since last request: 15.466695 seconds.
  path: Assets/Scriptable Objects/SpiceEffects/Test_05.asset
  artifactKey: Guid(6e98d5b3c16bb68499a677216cbb80fe) Importer(815301076,1909f56bfc062723c751e8b465ee728b)
Start importing Assets/Scriptable Objects/SpiceEffects/Test_05.asset using Guid(6e98d5b3c16bb68499a677216cbb80fe) Importer(815301076,1909f56bfc062723c751e8b465ee728b)  -> (artifact id: 'a33525af0a8e0a8e97ec737f10cfbbdb') in 0.031229 seconds 
========================================================================
Received Import Request.
  Time since last request: 76.528633 seconds.
  path: Assets/Scriptable Objects/SpiceEffects/Test_05 1.asset
  artifactKey: Guid(bc7509d062da88c49ab7f1368e82f145) Importer(815301076,1909f56bfc062723c751e8b465ee728b)
Start importing Assets/Scriptable Objects/SpiceEffects/Test_05 1.asset using Guid(bc7509d062da88c49ab7f1368e82f145) Importer(815301076,1909f56bfc062723c751e8b465ee728b)  -> (artifact id: '14ea3e7631e565fe2f1ffef399c20e4c') in 0.039245 seconds 
========================================================================
Received Import Request.
  Time since last request: 0.101861 seconds.
  path: Assets/Scriptable Objects/SpiceEffects/Test_02.asset
  artifactKey: Guid(e19307dcca69e8440ad5f8db3a470d71) Importer(815301076,1909f56bfc062723c751e8b465ee728b)
Start importing Assets/Scriptable Objects/SpiceEffects/Test_02.asset using Guid(e19307dcca69e8440ad5f8db3a470d71) Importer(815301076,1909f56bfc062723c751e8b465ee728b)  -> (artifact id: '6b4f751d6f21d414532ced57ec52cc14') in 0.011773 seconds 
========================================================================
Received Import Request.
  Time since last request: 4.477985 seconds.
  path: Assets/Scriptable Objects/SpiceEffects/Test_06.asset
  artifactKey: Guid(bc7509d062da88c49ab7f1368e82f145) Importer(815301076,1909f56bfc062723c751e8b465ee728b)
Start importing Assets/Scriptable Objects/SpiceEffects/Test_06.asset using Guid(bc7509d062da88c49ab7f1368e82f145) Importer(815301076,1909f56bfc062723c751e8b465ee728b)  -> (artifact id: '06569772ef61ab44bbfd04d88a759a01') in 0.015226 seconds 
========================================================================
Received Import Request.
  Time since last request: 71.531089 seconds.
  path: Assets/Scriptable Objects/SpiceEffects/Test_06 1.asset
  artifactKey: Guid(7512460eebd8b3049b74f4c67cc3fd6c) Importer(815301076,1909f56bfc062723c751e8b465ee728b)
Start importing Assets/Scriptable Objects/SpiceEffects/Test_06 1.asset using Guid(7512460eebd8b3049b74f4c67cc3fd6c) Importer(815301076,1909f56bfc062723c751e8b465ee728b)  -> (artifact id: '55a9d147bdf1a30f7008210aaf5ad904') in 0.017880 seconds 
========================================================================
Received Import Request.
  Time since last request: 0.110783 seconds.
  path: Assets/Scriptable Objects/SpiceEffects/Test_06.asset
  artifactKey: Guid(bc7509d062da88c49ab7f1368e82f145) Importer(815301076,1909f56bfc062723c751e8b465ee728b)
Start importing Assets/Scriptable Objects/SpiceEffects/Test_06.asset using Guid(bc7509d062da88c49ab7f1368e82f145) Importer(815301076,1909f56bfc062723c751e8b465ee728b)  -> (artifact id: 'c7b1553942a6ec75db55226291593f62') in 0.005693 seconds 
========================================================================
Received Import Request.
  Time since last request: 5.579707 seconds.
  path: Assets/Scriptable Objects/SpiceEffects/Test_07.asset
  artifactKey: Guid(7512460eebd8b3049b74f4c67cc3fd6c) Importer(815301076,1909f56bfc062723c751e8b465ee728b)
Start importing Assets/Scriptable Objects/SpiceEffects/Test_07.asset using Guid(7512460eebd8b3049b74f4c67cc3fd6c) Importer(815301076,1909f56bfc062723c751e8b465ee728b)  -> (artifact id: 'c248d2c871dfc34a8616770098e16a7b') in 0.017904 seconds 
========================================================================
Received Import Request.
  Time since last request: 23.859219 seconds.
  path: Assets/Scriptable Objects/SpiceEffects/Test_07 1.asset
  artifactKey: Guid(6bd6ac3bb029af94b9ed2e61263393d8) Importer(815301076,1909f56bfc062723c751e8b465ee728b)
Start importing Assets/Scriptable Objects/SpiceEffects/Test_07 1.asset using Guid(6bd6ac3bb029af94b9ed2e61263393d8) Importer(815301076,1909f56bfc062723c751e8b465ee728b)  -> (artifact id: '69fc049c621d0c24dc94095a13e838a4') in 0.028506 seconds 
========================================================================
Received Import Request.
  Time since last request: 0.109403 seconds.
  path: Assets/Scriptable Objects/SpiceEffects/Test_07.asset
  artifactKey: Guid(7512460eebd8b3049b74f4c67cc3fd6c) Importer(815301076,1909f56bfc062723c751e8b465ee728b)
Start importing Assets/Scriptable Objects/SpiceEffects/Test_07.asset using Guid(7512460eebd8b3049b74f4c67cc3fd6c) Importer(815301076,1909f56bfc062723c751e8b465ee728b)  -> (artifact id: '82f7756a3f2ab81dccaeea8649b5db36') in 0.010453 seconds 
========================================================================
Received Import Request.
  Time since last request: 5.836016 seconds.
  path: Assets/Scriptable Objects/SpiceEffects/Test_08.asset
  artifactKey: Guid(6bd6ac3bb029af94b9ed2e61263393d8) Importer(815301076,1909f56bfc062723c751e8b465ee728b)
Start importing Assets/Scriptable Objects/SpiceEffects/Test_08.asset using Guid(6bd6ac3bb029af94b9ed2e61263393d8) Importer(815301076,1909f56bfc062723c751e8b465ee728b)  -> (artifact id: '090ba9432dcc11a43ba2b35e3589d3cd') in 0.010007 seconds 
========================================================================
Received Import Request.
  Time since last request: 211.729738 seconds.
  path: Assets/Prefabs/Foodmon/Spices/Card garlic.prefab
  artifactKey: Guid(f9eb2cfccdb057c4e8f073a8b2e29b61) Importer(815301076,1909f56bfc062723c751e8b465ee728b)
Start importing Assets/Prefabs/Foodmon/Spices/Card garlic.prefab using Guid(f9eb2cfccdb057c4e8f073a8b2e29b61) Importer(815301076,1909f56bfc062723c751e8b465ee728b)  -> (artifact id: 'a9d38145793a6b9c3b5d8e60f91c1846') in 0.007477 seconds 
========================================================================
Received Import Request.
  Time since last request: 37.754064 seconds.
  path: Assets/Prefabs/Foodmon/Spices/Card ginger.prefab
  artifactKey: Guid(9c55bf6181c2776408b272b23c888ac0) Importer(815301076,1909f56bfc062723c751e8b465ee728b)
Start importing Assets/Prefabs/Foodmon/Spices/Card ginger.prefab using Guid(9c55bf6181c2776408b272b23c888ac0) Importer(815301076,1909f56bfc062723c751e8b465ee728b)  -> (artifact id: 'c793e03c39a58ff354214fc50dc0630c') in 0.009984 seconds 
========================================================================
Received Import Request.
  Time since last request: 5.361746 seconds.
  path: Assets/Prefabs/Foodmon/Spices/Card ginger.prefab
  artifactKey: Guid(9c55bf6181c2776408b272b23c888ac0) Importer(815301076,1909f56bfc062723c751e8b465ee728b)
Start importing Assets/Prefabs/Foodmon/Spices/Card ginger.prefab using Guid(9c55bf6181c2776408b272b23c888ac0) Importer(815301076,1909f56bfc062723c751e8b465ee728b)  -> (artifact id: 'eeb6e3b1284655229c5f44123d7c43f9') in 0.032699 seconds 
========================================================================
Received Import Request.
  Time since last request: 51.656054 seconds.
  path: Assets/Prefabs/Foodmon/Spices/Card ginger.prefab
  artifactKey: Guid(9c55bf6181c2776408b272b23c888ac0) Importer(815301076,1909f56bfc062723c751e8b465ee728b)
Start importing Assets/Prefabs/Foodmon/Spices/Card ginger.prefab using Guid(9c55bf6181c2776408b272b23c888ac0) Importer(815301076,1909f56bfc062723c751e8b465ee728b)  -> (artifact id: '956fe14d58ef8f1bf53de75abef0d1f3') in 0.006266 seconds 
========================================================================
Received Import Request.
  Time since last request: 6.309836 seconds.
  path: Assets/Prefabs/Foodmon/Spices/Card honey.prefab
  artifactKey: Guid(161dd8f2e8342dc499be596e648b10ee) Importer(815301076,1909f56bfc062723c751e8b465ee728b)
Start importing Assets/Prefabs/Foodmon/Spices/Card honey.prefab using Guid(161dd8f2e8342dc499be596e648b10ee) Importer(815301076,1909f56bfc062723c751e8b465ee728b)  -> (artifact id: '252119806384d6ddb7924fd5a53e100a') in 0.010664 seconds 
========================================================================
Received Import Request.
  Time since last request: 13.371167 seconds.
  path: Assets/Prefabs/Foodmon/Spices/Card honey.prefab
  artifactKey: Guid(161dd8f2e8342dc499be596e648b10ee) Importer(815301076,1909f56bfc062723c751e8b465ee728b)
Start importing Assets/Prefabs/Foodmon/Spices/Card honey.prefab using Guid(161dd8f2e8342dc499be596e648b10ee) Importer(815301076,1909f56bfc062723c751e8b465ee728b)  -> (artifact id: 'b5a75eb1d450afd777d93c368afb9b93') in 0.011865 seconds 
========================================================================
Received Import Request.
  Time since last request: 9.772585 seconds.
  path: Assets/Prefabs/Foodmon/Spices/Card ketchup.prefab
  artifactKey: Guid(126bdf0dd83755a4eb1bad62c7690b96) Importer(815301076,1909f56bfc062723c751e8b465ee728b)
Start importing Assets/Prefabs/Foodmon/Spices/Card ketchup.prefab using Guid(126bdf0dd83755a4eb1bad62c7690b96) Importer(815301076,1909f56bfc062723c751e8b465ee728b)  -> (artifact id: 'a174192ee9452030efb35fc624cd65a2') in 0.085009 seconds 
========================================================================
Received Import Request.
  Time since last request: 118.853384 seconds.
  path: Assets/Prefabs/Foodmon/Spices/Card ketchup.prefab
  artifactKey: Guid(126bdf0dd83755a4eb1bad62c7690b96) Importer(815301076,1909f56bfc062723c751e8b465ee728b)
Start importing Assets/Prefabs/Foodmon/Spices/Card ketchup.prefab using Guid(126bdf0dd83755a4eb1bad62c7690b96) Importer(815301076,1909f56bfc062723c751e8b465ee728b)  -> (artifact id: '6a2b082852d651ae935851541689b50d') in 0.007084 seconds 
========================================================================
Received Import Request.
  Time since last request: 52.342811 seconds.
  path: Assets/Prefabs/Foodmon/Spices/Card mayonnaise.prefab
  artifactKey: Guid(3c8f5a705a5644444962716489f52494) Importer(815301076,1909f56bfc062723c751e8b465ee728b)
Start importing Assets/Prefabs/Foodmon/Spices/Card mayonnaise.prefab using Guid(3c8f5a705a5644444962716489f52494) Importer(815301076,1909f56bfc062723c751e8b465ee728b)  -> (artifact id: '92b0e06c0fe4e26fe32d8a65e3e4bc7d') in 0.037045 seconds 
========================================================================
Received Import Request.
  Time since last request: 1.218118 seconds.
  path: Assets/Prefabs/Foodmon/Spices/Card mayonnaise.prefab
  artifactKey: Guid(3c8f5a705a5644444962716489f52494) Importer(815301076,1909f56bfc062723c751e8b465ee728b)
Start importing Assets/Prefabs/Foodmon/Spices/Card mayonnaise.prefab using Guid(3c8f5a705a5644444962716489f52494) Importer(815301076,1909f56bfc062723c751e8b465ee728b)  -> (artifact id: '15a79e51994e9b963ce4009ba16b9929') in 0.013630 seconds 
========================================================================
Received Import Request.
  Time since last request: 33.215811 seconds.
  path: Assets/Prefabs/Foodmon/Spices/Card mayonnaise.prefab
  artifactKey: Guid(3c8f5a705a5644444962716489f52494) Importer(815301076,1909f56bfc062723c751e8b465ee728b)
Start importing Assets/Prefabs/Foodmon/Spices/Card mayonnaise.prefab using Guid(3c8f5a705a5644444962716489f52494) Importer(815301076,1909f56bfc062723c751e8b465ee728b)  -> (artifact id: '40d3514718f2fa1618277d57804f07fc') in 0.010643 seconds 
========================================================================
Received Import Request.
  Time since last request: 150.960204 seconds.
  path: Assets/Scriptable Objects/Decks/Test_01.asset
  artifactKey: Guid(ccb9c50131788994085a8dcd51f87275) Importer(815301076,1909f56bfc062723c751e8b465ee728b)
Start importing Assets/Scriptable Objects/Decks/Test_01.asset using Guid(ccb9c50131788994085a8dcd51f87275) Importer(815301076,1909f56bfc062723c751e8b465ee728b)  -> (artifact id: '1550a1dffb16f51a467a6be9618fb880') in 0.027830 seconds 
========================================================================
Received Import Request.
  Time since last request: 0.000065 seconds.
  path: Assets/Scriptable Objects/Decks/Test_03.asset
  artifactKey: Guid(21f8fdb31cce8e9429fd264fd792c76f) Importer(815301076,1909f56bfc062723c751e8b465ee728b)
Start importing Assets/Scriptable Objects/Decks/Test_03.asset using Guid(21f8fdb31cce8e9429fd264fd792c76f) Importer(815301076,1909f56bfc062723c751e8b465ee728b)  -> (artifact id: '752f2ef868a1e45d1c730878f3462e8c') in 0.040895 seconds 
========================================================================
Received Prepare
Registering precompiled user dll's ...
Registered in 0.005898 seconds.
Begin MonoManager ReloadAssembly
Symbol file LoadedFromMemory doesn't match image C:\Users\Gabriel\Desktop\Jogos 2022\Foodmon\Unity\CartaComida\Library\PackageCache\com.unity.visualscripting@1.7.6\Editor\VisualScripting.Core\Dependencies\YamlDotNet\Unity.VisualScripting.YamlDotNet.dll
Symbol file LoadedFromMemory is not a mono symbol file
Symbol file LoadedFromMemory doesn't match image C:\Users\Gabriel\Desktop\Jogos 2022\Foodmon\Unity\CartaComida\Library\PackageCache\com.unity.visualscripting@1.7.6\Editor\VisualScripting.Core\Dependencies\DotNetZip\Unity.VisualScripting.IonicZip.dll
Native extension for WindowsStandalone target not found
Native extension for iOS target not found
Native extension for Android target not found
Native extension for WebGL target not found
Refreshing native plugins compatible for Editor in 1.31 ms, found 4 plugins.
Preloading 0 native plugins for Editor in 0.00 ms.
Mono: successfully reloaded assembly
- Completed reload, in  9.550 seconds
Domain Reload Profiling:
	ReloadAssembly (9552ms)
		BeginReloadAssembly (756ms)
			ExecutionOrderSort (0ms)
			DisableScriptedObjects (9ms)
			BackupInstance (0ms)
			ReleaseScriptingObjects (0ms)
			CreateAndSetChildDomain (79ms)
		EndReloadAssembly (7931ms)
			LoadAssemblies (893ms)
			RebuildTransferFunctionScriptingTraits (0ms)
			SetupTypeCache (1705ms)
			ReleaseScriptCaches (12ms)
			RebuildScriptCaches (646ms)
			SetupLoadedEditorAssemblies (3750ms)
				LogAssemblyErrors (0ms)
				InitializePlatformSupportModulesInManaged (259ms)
				SetLoadedEditorAssemblies (1ms)
				RefreshPlugins (1ms)
				BeforeProcessingInitializeOnLoad (825ms)
				ProcessInitializeOnLoadAttributes (2124ms)
				ProcessInitializeOnLoadMethodAttributes (525ms)
				AfterProcessingInitializeOnLoad (14ms)
				EditorAssembliesLoaded (0ms)
			ExecutionOrderSort2 (0ms)
			AwakeInstancesAfterBackupRestoration (301ms)
Platform modules already initialized, skipping
Refreshing native plugins compatible for Editor in 2.68 ms, found 4 plugins.
Preloading 0 native plugins for Editor in 0.00 ms.
Unloading 4395 Unused Serialized files (Serialized files now loaded: 0)
Unloading 23 unused Assets / (26.3 KB). Loaded Objects now: 4900.
Memory consumption went from 167.0 MB to 167.0 MB.
Total: 3.885300 ms (FindLiveObjects: 0.347000 ms CreateObjectMapping: 0.245800 ms MarkObjects: 3.259300 ms  DeleteObjects: 0.032200 ms)

AssetImportParameters requested are different than current active one (requested -> active):
  custom:video-decoder-ogg-theora: a1e56fd34408186e4bbccfd4996cb3dc -> 
  custom:container-muxer-webm: aa71ff27fc2769a1b78a27578f13a17b -> 
  custom:container-demuxer-webm: 4f35f7cbe854078d1ac9338744f61a02 -> 
  custom:video-encoder-webm-vp8: eb34c28f22e8b96e1ab97ce403110664 -> 
  custom:audio-encoder-webm-vorbis: bf7c407c2cedff20999df2af8eb42d56 -> 
  custom:framework-win-MediaFoundation: 216162199b28c13a410421893ffa2e32 -> 
  custom:container-demuxer-ogg: 62fdf1f143b41e24485cea50d1cbac27 -> 
  custom:video-decoder-webm-vp8: 9c59270c3fd7afecdb556c50c9e8de78 -> 
  custom:audio-decoder-ogg-vorbis: bf7c407c2cedff20999df2af8eb42d56 -> 
========================================================================
Received Import Request.
  Time since last request: 76.202489 seconds.
  path: Assets/Prefabs/Foodmon/Spices/Card mustard.prefab
  artifactKey: Guid(3af7267f6d520244b99ee91c68c2f9f6) Importer(815301076,1909f56bfc062723c751e8b465ee728b)
Start importing Assets/Prefabs/Foodmon/Spices/Card mustard.prefab using Guid(3af7267f6d520244b99ee91c68c2f9f6) Importer(815301076,1909f56bfc062723c751e8b465ee728b)  -> (artifact id: '41fa9733da3304407b7d6c3f6bfdac84') in 0.243769 seconds 
========================================================================
Received Prepare
Registering precompiled user dll's ...
Registered in 0.006435 seconds.
Begin MonoManager ReloadAssembly
Symbol file LoadedFromMemory doesn't match image C:\Users\Gabriel\Desktop\Jogos 2022\Foodmon\Unity\CartaComida\Library\PackageCache\com.unity.visualscripting@1.7.6\Editor\VisualScripting.Core\Dependencies\YamlDotNet\Unity.VisualScripting.YamlDotNet.dll
Symbol file LoadedFromMemory is not a mono symbol file
Symbol file LoadedFromMemory doesn't match image C:\Users\Gabriel\Desktop\Jogos 2022\Foodmon\Unity\CartaComida\Library\PackageCache\com.unity.visualscripting@1.7.6\Editor\VisualScripting.Core\Dependencies\DotNetZip\Unity.VisualScripting.IonicZip.dll
Native extension for WindowsStandalone target not found
Native extension for iOS target not found
Native extension for Android target not found
Native extension for WebGL target not found
Refreshing native plugins compatible for Editor in 0.71 ms, found 4 plugins.
Preloading 0 native plugins for Editor in 0.00 ms.
Mono: successfully reloaded assembly
- Completed reload, in  1.898 seconds
Domain Reload Profiling:
	ReloadAssembly (1899ms)
		BeginReloadAssembly (241ms)
			ExecutionOrderSort (0ms)
			DisableScriptedObjects (12ms)
			BackupInstance (0ms)
			ReleaseScriptingObjects (0ms)
			CreateAndSetChildDomain (88ms)
		EndReloadAssembly (1370ms)
			LoadAssemblies (277ms)
			RebuildTransferFunctionScriptingTraits (0ms)
			SetupTypeCache (432ms)
			ReleaseScriptCaches (1ms)
			RebuildScriptCaches (49ms)
			SetupLoadedEditorAssemblies (427ms)
				LogAssemblyErrors (0ms)
				InitializePlatformSupportModulesInManaged (37ms)
				SetLoadedEditorAssemblies (0ms)
				RefreshPlugins (1ms)
				BeforeProcessingInitializeOnLoad (82ms)
				ProcessInitializeOnLoadAttributes (230ms)
				ProcessInitializeOnLoadMethodAttributes (67ms)
				AfterProcessingInitializeOnLoad (10ms)
				EditorAssembliesLoaded (0ms)
			ExecutionOrderSort2 (0ms)
			AwakeInstancesAfterBackupRestoration (63ms)
Platform modules already initialized, skipping
Refreshing native plugins compatible for Editor in 2.27 ms, found 4 plugins.
Preloading 0 native plugins for Editor in 0.00 ms.
Unloading 4395 Unused Serialized files (Serialized files now loaded: 0)
Unloading 21 unused Assets / (24.7 KB). Loaded Objects now: 4903.
Memory consumption went from 167.0 MB to 167.0 MB.
Total: 3.181600 ms (FindLiveObjects: 0.304600 ms CreateObjectMapping: 0.218000 ms MarkObjects: 2.639200 ms  DeleteObjects: 0.019000 ms)

AssetImportParameters requested are different than current active one (requested -> active):
  custom:video-decoder-ogg-theora: a1e56fd34408186e4bbccfd4996cb3dc -> 
  custom:container-muxer-webm: aa71ff27fc2769a1b78a27578f13a17b -> 
  custom:container-demuxer-webm: 4f35f7cbe854078d1ac9338744f61a02 -> 
  custom:video-encoder-webm-vp8: eb34c28f22e8b96e1ab97ce403110664 -> 
  custom:audio-encoder-webm-vorbis: bf7c407c2cedff20999df2af8eb42d56 -> 
  custom:framework-win-MediaFoundation: 216162199b28c13a410421893ffa2e32 -> 
  custom:container-demuxer-ogg: 62fdf1f143b41e24485cea50d1cbac27 -> 
  custom:video-decoder-webm-vp8: 9c59270c3fd7afecdb556c50c9e8de78 -> 
  custom:audio-decoder-ogg-vorbis: bf7c407c2cedff20999df2af8eb42d56 -> 
========================================================================
Received Import Request.
  Time since last request: 53.003932 seconds.
  path: Assets/Scripts/Card/DragDrop.cs
  artifactKey: Guid(ef2c74da6ed8beb4898a6b77735e90db) Importer(815301076,1909f56bfc062723c751e8b465ee728b)
Start importing Assets/Scripts/Card/DragDrop.cs using Guid(ef2c74da6ed8beb4898a6b77735e90db) Importer(815301076,1909f56bfc062723c751e8b465ee728b)  -> (artifact id: '047c5682d72431a6342f1bbcf3daaa35') in 0.051668 seconds 
========================================================================
Received Prepare
Registering precompiled user dll's ...
Registered in 0.005808 seconds.
Begin MonoManager ReloadAssembly
Symbol file LoadedFromMemory doesn't match image C:\Users\Gabriel\Desktop\Jogos 2022\Foodmon\Unity\CartaComida\Library\PackageCache\com.unity.visualscripting@1.7.6\Editor\VisualScripting.Core\Dependencies\YamlDotNet\Unity.VisualScripting.YamlDotNet.dll
Symbol file LoadedFromMemory is not a mono symbol file
Symbol file LoadedFromMemory doesn't match image C:\Users\Gabriel\Desktop\Jogos 2022\Foodmon\Unity\CartaComida\Library\PackageCache\com.unity.visualscripting@1.7.6\Editor\VisualScripting.Core\Dependencies\DotNetZip\Unity.VisualScripting.IonicZip.dll
Native extension for WindowsStandalone target not found
Native extension for iOS target not found
Native extension for Android target not found
Native extension for WebGL target not found
Refreshing native plugins compatible for Editor in 1.52 ms, found 4 plugins.
Preloading 0 native plugins for Editor in 0.00 ms.
Mono: successfully reloaded assembly
- Completed reload, in  6.833 seconds
Domain Reload Profiling:
	ReloadAssembly (6834ms)
		BeginReloadAssembly (469ms)
			ExecutionOrderSort (0ms)
			DisableScriptedObjects (7ms)
			BackupInstance (0ms)
			ReleaseScriptingObjects (0ms)
			CreateAndSetChildDomain (38ms)
		EndReloadAssembly (6084ms)
			LoadAssemblies (468ms)
			RebuildTransferFunctionScriptingTraits (0ms)
			SetupTypeCache (2317ms)
			ReleaseScriptCaches (7ms)
			RebuildScriptCaches (423ms)
			SetupLoadedEditorAssemblies (2424ms)
				LogAssemblyErrors (0ms)
				InitializePlatformSupportModulesInManaged (399ms)
				SetLoadedEditorAssemblies (0ms)
				RefreshPlugins (2ms)
				BeforeProcessingInitializeOnLoad (868ms)
				ProcessInitializeOnLoadAttributes (1085ms)
				ProcessInitializeOnLoadMethodAttributes (61ms)
				AfterProcessingInitializeOnLoad (8ms)
				EditorAssembliesLoaded (0ms)
			ExecutionOrderSort2 (0ms)
			AwakeInstancesAfterBackupRestoration (63ms)
Platform modules already initialized, skipping
Refreshing native plugins compatible for Editor in 2.54 ms, found 4 plugins.
Preloading 0 native plugins for Editor in 0.00 ms.
Unloading 4395 Unused Serialized files (Serialized files now loaded: 0)
Unloading 21 unused Assets / (24.7 KB). Loaded Objects now: 4906.
Memory consumption went from 167.0 MB to 167.0 MB.
Total: 3.946800 ms (FindLiveObjects: 0.523600 ms CreateObjectMapping: 0.248700 ms MarkObjects: 3.127300 ms  DeleteObjects: 0.046300 ms)

AssetImportParameters requested are different than current active one (requested -> active):
  custom:video-decoder-ogg-theora: a1e56fd34408186e4bbccfd4996cb3dc -> 
  custom:container-muxer-webm: aa71ff27fc2769a1b78a27578f13a17b -> 
  custom:container-demuxer-webm: 4f35f7cbe854078d1ac9338744f61a02 -> 
  custom:video-encoder-webm-vp8: eb34c28f22e8b96e1ab97ce403110664 -> 
  custom:audio-encoder-webm-vorbis: bf7c407c2cedff20999df2af8eb42d56 -> 
  custom:framework-win-MediaFoundation: 216162199b28c13a410421893ffa2e32 -> 
  custom:container-demuxer-ogg: 62fdf1f143b41e24485cea50d1cbac27 -> 
  custom:video-decoder-webm-vp8: 9c59270c3fd7afecdb556c50c9e8de78 -> 
  custom:audio-decoder-ogg-vorbis: bf7c407c2cedff20999df2af8eb42d56 -> 
========================================================================
Received Import Request.
  Time since last request: 61.077489 seconds.
  path: Assets/Prefabs/Game Scene.prefab
  artifactKey: Guid(a122bd11d3b42fb44aa250f93fddd9ff) Importer(815301076,1909f56bfc062723c751e8b465ee728b)
Start importing Assets/Prefabs/Game Scene.prefab using Guid(a122bd11d3b42fb44aa250f93fddd9ff) Importer(815301076,1909f56bfc062723c751e8b465ee728b)  -> (artifact id: '2567ea9c7d4fa3aa0137f12579a3c5b4') in 0.193095 seconds 
========================================================================
Received Prepare
Registering precompiled user dll's ...
Registered in 0.006263 seconds.
Begin MonoManager ReloadAssembly
Symbol file LoadedFromMemory doesn't match image C:\Users\Gabriel\Desktop\Jogos 2022\Foodmon\Unity\CartaComida\Library\PackageCache\com.unity.visualscripting@1.7.6\Editor\VisualScripting.Core\Dependencies\YamlDotNet\Unity.VisualScripting.YamlDotNet.dll
Symbol file LoadedFromMemory is not a mono symbol file
Symbol file LoadedFromMemory doesn't match image C:\Users\Gabriel\Desktop\Jogos 2022\Foodmon\Unity\CartaComida\Library\PackageCache\com.unity.visualscripting@1.7.6\Editor\VisualScripting.Core\Dependencies\DotNetZip\Unity.VisualScripting.IonicZip.dll
Native extension for WindowsStandalone target not found
Native extension for iOS target not found
Native extension for Android target not found
Native extension for WebGL target not found
Refreshing native plugins compatible for Editor in 1.27 ms, found 4 plugins.
Preloading 0 native plugins for Editor in 0.00 ms.
Mono: successfully reloaded assembly
- Completed reload, in  4.070 seconds
Domain Reload Profiling:
	ReloadAssembly (4072ms)
		BeginReloadAssembly (1246ms)
			ExecutionOrderSort (0ms)
			DisableScriptedObjects (6ms)
			BackupInstance (0ms)
			ReleaseScriptingObjects (0ms)
			CreateAndSetChildDomain (259ms)
		EndReloadAssembly (2309ms)
			LoadAssemblies (1179ms)
			RebuildTransferFunctionScriptingTraits (0ms)
			SetupTypeCache (548ms)
			ReleaseScriptCaches (5ms)
			RebuildScriptCaches (81ms)
			SetupLoadedEditorAssemblies (799ms)
				LogAssemblyErrors (0ms)
				InitializePlatformSupportModulesInManaged (38ms)
				SetLoadedEditorAssemblies (1ms)
				RefreshPlugins (1ms)
				BeforeProcessingInitializeOnLoad (257ms)
				ProcessInitializeOnLoadAttributes (250ms)
				ProcessInitializeOnLoadMethodAttributes (119ms)
				AfterProcessingInitializeOnLoad (133ms)
				EditorAssembliesLoaded (0ms)
			ExecutionOrderSort2 (0ms)
			AwakeInstancesAfterBackupRestoration (239ms)
Platform modules already initialized, skipping
Refreshing native plugins compatible for Editor in 2.25 ms, found 4 plugins.
Preloading 0 native plugins for Editor in 0.00 ms.
Unloading 4395 Unused Serialized files (Serialized files now loaded: 0)
Unloading 23 unused Assets / (26.2 KB). Loaded Objects now: 4909.
Memory consumption went from 167.1 MB to 167.0 MB.
Total: 3.075300 ms (FindLiveObjects: 0.305500 ms CreateObjectMapping: 0.200900 ms MarkObjects: 2.531600 ms  DeleteObjects: 0.036200 ms)

AssetImportParameters requested are different than current active one (requested -> active):
  custom:video-decoder-ogg-theora: a1e56fd34408186e4bbccfd4996cb3dc -> 
  custom:container-muxer-webm: aa71ff27fc2769a1b78a27578f13a17b -> 
  custom:container-demuxer-webm: 4f35f7cbe854078d1ac9338744f61a02 -> 
  custom:video-encoder-webm-vp8: eb34c28f22e8b96e1ab97ce403110664 -> 
  custom:audio-encoder-webm-vorbis: bf7c407c2cedff20999df2af8eb42d56 -> 
  custom:framework-win-MediaFoundation: 216162199b28c13a410421893ffa2e32 -> 
  custom:container-demuxer-ogg: 62fdf1f143b41e24485cea50d1cbac27 -> 
  custom:video-decoder-webm-vp8: 9c59270c3fd7afecdb556c50c9e8de78 -> 
  custom:audio-decoder-ogg-vorbis: bf7c407c2cedff20999df2af8eb42d56 -> 
========================================================================
Received Import Request.
  Time since last request: 81.005610 seconds.
  path: Assets/Prefabs/Game Scene.prefab
  artifactKey: Guid(a122bd11d3b42fb44aa250f93fddd9ff) Importer(815301076,1909f56bfc062723c751e8b465ee728b)
Start importing Assets/Prefabs/Game Scene.prefab using Guid(a122bd11d3b42fb44aa250f93fddd9ff) Importer(815301076,1909f56bfc062723c751e8b465ee728b)  -> (artifact id: 'ec7ddc7fa3f09e92b486866ee76be30c') in 0.160897 seconds 
========================================================================
Received Import Request.
  Time since last request: 35.305919 seconds.
  path: Assets/Prefabs/SceneParts/Battlefield.prefab
  artifactKey: Guid(d5655bae55a97b64da5324bdae5d097c) Importer(815301076,1909f56bfc062723c751e8b465ee728b)
Start importing Assets/Prefabs/SceneParts/Battlefield.prefab using Guid(d5655bae55a97b64da5324bdae5d097c) Importer(815301076,1909f56bfc062723c751e8b465ee728b)  -> (artifact id: 'eaaceb6f038248d323af6dfb60980e22') in 0.021907 seconds 
========================================================================
Received Import Request.
  Time since last request: 8.695576 seconds.
  path: Assets/Prefabs/SceneParts/Battlefield.prefab
  artifactKey: Guid(d5655bae55a97b64da5324bdae5d097c) Importer(815301076,1909f56bfc062723c751e8b465ee728b)
Start importing Assets/Prefabs/SceneParts/Battlefield.prefab using Guid(d5655bae55a97b64da5324bdae5d097c) Importer(815301076,1909f56bfc062723c751e8b465ee728b)  -> (artifact id: '6b2c06cfc6ecf7fb350a2648dd752069') in 0.009603 seconds 
========================================================================
Received Import Request.
  Time since last request: 14.381365 seconds.
  path: Assets/Prefabs/SceneParts/Battlefield.prefab
  artifactKey: Guid(d5655bae55a97b64da5324bdae5d097c) Importer(815301076,1909f56bfc062723c751e8b465ee728b)
Start importing Assets/Prefabs/SceneParts/Battlefield.prefab using Guid(d5655bae55a97b64da5324bdae5d097c) Importer(815301076,1909f56bfc062723c751e8b465ee728b)  -> (artifact id: '7970bc426034a699628d87913e03774a') in 0.010690 seconds 
========================================================================
Received Import Request.
  Time since last request: 14.590313 seconds.
  path: Assets/Prefabs/SceneParts/Battlefield.prefab
  artifactKey: Guid(d5655bae55a97b64da5324bdae5d097c) Importer(815301076,1909f56bfc062723c751e8b465ee728b)
Start importing Assets/Prefabs/SceneParts/Battlefield.prefab using Guid(d5655bae55a97b64da5324bdae5d097c) Importer(815301076,1909f56bfc062723c751e8b465ee728b)  -> (artifact id: 'e5fa50d6b9122b19d698b528780f2f06') in 0.007944 seconds 
========================================================================
Received Import Request.
  Time since last request: 2.395126 seconds.
  path: Assets/Prefabs/SceneParts/Battlefield.prefab
  artifactKey: Guid(d5655bae55a97b64da5324bdae5d097c) Importer(815301076,1909f56bfc062723c751e8b465ee728b)
Start importing Assets/Prefabs/SceneParts/Battlefield.prefab using Guid(d5655bae55a97b64da5324bdae5d097c) Importer(815301076,1909f56bfc062723c751e8b465ee728b)  -> (artifact id: 'ce3fa97fd7b92779b24b1c7667f4bfd1') in 0.014380 seconds 
========================================================================
Received Import Request.
  Time since last request: 14.051255 seconds.
  path: Assets/Prefabs/SceneParts/Battlefield.prefab
  artifactKey: Guid(d5655bae55a97b64da5324bdae5d097c) Importer(815301076,1909f56bfc062723c751e8b465ee728b)
Start importing Assets/Prefabs/SceneParts/Battlefield.prefab using Guid(d5655bae55a97b64da5324bdae5d097c) Importer(815301076,1909f56bfc062723c751e8b465ee728b)  -> (artifact id: '0be1aeebe3a4bba568879899acbc6861') in 0.016965 seconds 
========================================================================
Received Import Request.
  Time since last request: 11.582094 seconds.
  path: Assets/Prefabs/SceneParts/Battlefield.prefab
  artifactKey: Guid(d5655bae55a97b64da5324bdae5d097c) Importer(815301076,1909f56bfc062723c751e8b465ee728b)
Start importing Assets/Prefabs/SceneParts/Battlefield.prefab using Guid(d5655bae55a97b64da5324bdae5d097c) Importer(815301076,1909f56bfc062723c751e8b465ee728b)  -> (artifact id: 'bbfdab1c03537fe2dbb5a950c57a22f3') in 0.014476 seconds 
========================================================================
Received Import Request.
  Time since last request: 5.799007 seconds.
  path: Assets/Prefabs/SceneParts/Battlefield.prefab
  artifactKey: Guid(d5655bae55a97b64da5324bdae5d097c) Importer(815301076,1909f56bfc062723c751e8b465ee728b)
Start importing Assets/Prefabs/SceneParts/Battlefield.prefab using Guid(d5655bae55a97b64da5324bdae5d097c) Importer(815301076,1909f56bfc062723c751e8b465ee728b)  -> (artifact id: 'bc54868150082d2f6612fabdc6c46bba') in 0.025317 seconds 
========================================================================
Received Import Request.
  Time since last request: 14.033747 seconds.
  path: Assets/Prefabs/SceneParts/Battlefield.prefab
  artifactKey: Guid(d5655bae55a97b64da5324bdae5d097c) Importer(815301076,1909f56bfc062723c751e8b465ee728b)
Start importing Assets/Prefabs/SceneParts/Battlefield.prefab using Guid(d5655bae55a97b64da5324bdae5d097c) Importer(815301076,1909f56bfc062723c751e8b465ee728b)  -> (artifact id: '6b87db6d5e62652ec6557c5655d9943a') in 0.008634 seconds 
========================================================================
Received Import Request.
  Time since last request: 3.415614 seconds.
  path: Assets/Prefabs/SceneParts/Battlefield.prefab
  artifactKey: Guid(d5655bae55a97b64da5324bdae5d097c) Importer(815301076,1909f56bfc062723c751e8b465ee728b)
Start importing Assets/Prefabs/SceneParts/Battlefield.prefab using Guid(d5655bae55a97b64da5324bdae5d097c) Importer(815301076,1909f56bfc062723c751e8b465ee728b)  -> (artifact id: '47ecd80e9b40a266d48857a65647c919') in 0.014157 seconds 
========================================================================
Received Import Request.
  Time since last request: 7.150797 seconds.
  path: Assets/Prefabs/SceneParts/Battlefield.prefab
  artifactKey: Guid(d5655bae55a97b64da5324bdae5d097c) Importer(815301076,1909f56bfc062723c751e8b465ee728b)
Start importing Assets/Prefabs/SceneParts/Battlefield.prefab using Guid(d5655bae55a97b64da5324bdae5d097c) Importer(815301076,1909f56bfc062723c751e8b465ee728b)  -> (artifact id: '2c6efa7d7cb55a7fce9a13995736a340') in 0.010846 seconds 
========================================================================
Received Import Request.
  Time since last request: 5.515634 seconds.
  path: Assets/Prefabs/SceneParts/Battlefield.prefab
  artifactKey: Guid(d5655bae55a97b64da5324bdae5d097c) Importer(815301076,1909f56bfc062723c751e8b465ee728b)
Start importing Assets/Prefabs/SceneParts/Battlefield.prefab using Guid(d5655bae55a97b64da5324bdae5d097c) Importer(815301076,1909f56bfc062723c751e8b465ee728b)  -> (artifact id: '05ab587b251defe35a81ef265d896030') in 0.010649 seconds 
========================================================================
Received Prepare
Registering precompiled user dll's ...
Registered in 0.008523 seconds.
Begin MonoManager ReloadAssembly
Symbol file LoadedFromMemory doesn't match image C:\Users\Gabriel\Desktop\Jogos 2022\Foodmon\Unity\CartaComida\Library\PackageCache\com.unity.visualscripting@1.7.6\Editor\VisualScripting.Core\Dependencies\YamlDotNet\Unity.VisualScripting.YamlDotNet.dll
Symbol file LoadedFromMemory is not a mono symbol file
Symbol file LoadedFromMemory doesn't match image C:\Users\Gabriel\Desktop\Jogos 2022\Foodmon\Unity\CartaComida\Library\PackageCache\com.unity.visualscripting@1.7.6\Editor\VisualScripting.Core\Dependencies\DotNetZip\Unity.VisualScripting.IonicZip.dll
Native extension for WindowsStandalone target not found
Native extension for iOS target not found
Native extension for Android target not found
Native extension for WebGL target not found
Refreshing native plugins compatible for Editor in 6.68 ms, found 4 plugins.
Preloading 0 native plugins for Editor in 0.00 ms.
Mono: successfully reloaded assembly
- Completed reload, in  6.850 seconds
Domain Reload Profiling:
	ReloadAssembly (6851ms)
		BeginReloadAssembly (753ms)
			ExecutionOrderSort (0ms)
			DisableScriptedObjects (17ms)
			BackupInstance (0ms)
			ReleaseScriptingObjects (0ms)
			CreateAndSetChildDomain (252ms)
		EndReloadAssembly (5201ms)
			LoadAssemblies (1110ms)
			RebuildTransferFunctionScriptingTraits (0ms)
			SetupTypeCache (2787ms)
			ReleaseScriptCaches (2ms)
			RebuildScriptCaches (443ms)
			SetupLoadedEditorAssemblies (881ms)
				LogAssemblyErrors (0ms)
				InitializePlatformSupportModulesInManaged (45ms)
				SetLoadedEditorAssemblies (1ms)
				RefreshPlugins (7ms)
				BeforeProcessingInitializeOnLoad (131ms)
				ProcessInitializeOnLoadAttributes (400ms)
				ProcessInitializeOnLoadMethodAttributes (202ms)
				AfterProcessingInitializeOnLoad (95ms)
				EditorAssembliesLoaded (1ms)
			ExecutionOrderSort2 (0ms)
			AwakeInstancesAfterBackupRestoration (249ms)
Platform modules already initialized, skipping
Refreshing native plugins compatible for Editor in 2.34 ms, found 4 plugins.
Preloading 0 native plugins for Editor in 0.00 ms.
Unloading 4395 Unused Serialized files (Serialized files now loaded: 0)
Unloading 23 unused Assets / (26.2 KB). Loaded Objects now: 4912.
Memory consumption went from 167.1 MB to 167.0 MB.
Total: 3.620000 ms (FindLiveObjects: 0.365800 ms CreateObjectMapping: 0.233200 ms MarkObjects: 2.994200 ms  DeleteObjects: 0.025900 ms)

AssetImportParameters requested are different than current active one (requested -> active):
  custom:video-decoder-ogg-theora: a1e56fd34408186e4bbccfd4996cb3dc -> 
  custom:container-muxer-webm: aa71ff27fc2769a1b78a27578f13a17b -> 
  custom:container-demuxer-webm: 4f35f7cbe854078d1ac9338744f61a02 -> 
  custom:video-encoder-webm-vp8: eb34c28f22e8b96e1ab97ce403110664 -> 
  custom:audio-encoder-webm-vorbis: bf7c407c2cedff20999df2af8eb42d56 -> 
  custom:framework-win-MediaFoundation: 216162199b28c13a410421893ffa2e32 -> 
  custom:container-demuxer-ogg: 62fdf1f143b41e24485cea50d1cbac27 -> 
  custom:video-decoder-webm-vp8: 9c59270c3fd7afecdb556c50c9e8de78 -> 
  custom:audio-decoder-ogg-vorbis: bf7c407c2cedff20999df2af8eb42d56 -> 
========================================================================
Received Import Request.
  Time since last request: 49.925746 seconds.
  path: Assets/Prefabs/SceneParts/Deck.prefab
  artifactKey: Guid(0ec31e5971ef2e1459a40f7726732df1) Importer(815301076,1909f56bfc062723c751e8b465ee728b)
Start importing Assets/Prefabs/SceneParts/Deck.prefab using Guid(0ec31e5971ef2e1459a40f7726732df1) Importer(815301076,1909f56bfc062723c751e8b465ee728b)  -> (artifact id: 'a00b4eb1cd9dfa4e151eb26a3162c77d') in 0.221475 seconds 
========================================================================
Received Prepare
Registering precompiled user dll's ...
Registered in 0.013132 seconds.
Begin MonoManager ReloadAssembly
Symbol file LoadedFromMemory doesn't match image C:\Users\Gabriel\Desktop\Jogos 2022\Foodmon\Unity\CartaComida\Library\PackageCache\com.unity.visualscripting@1.7.6\Editor\VisualScripting.Core\Dependencies\YamlDotNet\Unity.VisualScripting.YamlDotNet.dll
Symbol file LoadedFromMemory is not a mono symbol file
Symbol file LoadedFromMemory doesn't match image C:\Users\Gabriel\Desktop\Jogos 2022\Foodmon\Unity\CartaComida\Library\PackageCache\com.unity.visualscripting@1.7.6\Editor\VisualScripting.Core\Dependencies\DotNetZip\Unity.VisualScripting.IonicZip.dll
Native extension for WindowsStandalone target not found
Native extension for iOS target not found
Native extension for Android target not found
Native extension for WebGL target not found
Refreshing native plugins compatible for Editor in 1.52 ms, found 4 plugins.
Preloading 0 native plugins for Editor in 0.00 ms.
Mono: successfully reloaded assembly
- Completed reload, in 12.364 seconds
Domain Reload Profiling:
	ReloadAssembly (12365ms)
		BeginReloadAssembly (773ms)
			ExecutionOrderSort (0ms)
			DisableScriptedObjects (8ms)
			BackupInstance (0ms)
			ReleaseScriptingObjects (0ms)
			CreateAndSetChildDomain (262ms)
		EndReloadAssembly (10907ms)
			LoadAssemblies (728ms)
			RebuildTransferFunctionScriptingTraits (0ms)
			SetupTypeCache (1966ms)
			ReleaseScriptCaches (4ms)
			RebuildScriptCaches (620ms)
			SetupLoadedEditorAssemblies (5651ms)
				LogAssemblyErrors (0ms)
				InitializePlatformSupportModulesInManaged (336ms)
				SetLoadedEditorAssemblies (1ms)
				RefreshPlugins (2ms)
				BeforeProcessingInitializeOnLoad (1379ms)
				ProcessInitializeOnLoadAttributes (3088ms)
				ProcessInitializeOnLoadMethodAttributes (789ms)
				AfterProcessingInitializeOnLoad (56ms)
				EditorAssembliesLoaded (0ms)
			ExecutionOrderSort2 (0ms)
			AwakeInstancesAfterBackupRestoration (674ms)
Platform modules already initialized, skipping
Refreshing native plugins compatible for Editor in 4.24 ms, found 4 plugins.
Preloading 0 native plugins for Editor in 0.00 ms.
Unloading 4395 Unused Serialized files (Serialized files now loaded: 0)
Unloading 21 unused Assets / (24.7 KB). Loaded Objects now: 4915.
Memory consumption went from 167.1 MB to 167.1 MB.
Total: 5.704500 ms (FindLiveObjects: 0.740400 ms CreateObjectMapping: 0.506600 ms MarkObjects: 4.429800 ms  DeleteObjects: 0.026100 ms)

AssetImportParameters requested are different than current active one (requested -> active):
  custom:video-decoder-ogg-theora: a1e56fd34408186e4bbccfd4996cb3dc -> 
  custom:container-muxer-webm: aa71ff27fc2769a1b78a27578f13a17b -> 
  custom:container-demuxer-webm: 4f35f7cbe854078d1ac9338744f61a02 -> 
  custom:video-encoder-webm-vp8: eb34c28f22e8b96e1ab97ce403110664 -> 
  custom:audio-encoder-webm-vorbis: bf7c407c2cedff20999df2af8eb42d56 -> 
  custom:framework-win-MediaFoundation: 216162199b28c13a410421893ffa2e32 -> 
  custom:container-demuxer-ogg: 62fdf1f143b41e24485cea50d1cbac27 -> 
  custom:video-decoder-webm-vp8: 9c59270c3fd7afecdb556c50c9e8de78 -> 
  custom:audio-decoder-ogg-vorbis: bf7c407c2cedff20999df2af8eb42d56 -> 
========================================================================
Received Import Request.
  Time since last request: 95.886062 seconds.
  path: Assets/Prefabs/Game Scene.prefab
  artifactKey: Guid(a122bd11d3b42fb44aa250f93fddd9ff) Importer(815301076,1909f56bfc062723c751e8b465ee728b)
Start importing Assets/Prefabs/Game Scene.prefab using Guid(a122bd11d3b42fb44aa250f93fddd9ff) Importer(815301076,1909f56bfc062723c751e8b465ee728b)  -> (artifact id: 'fc880c3a263d32686e5fbb86c22e4ca5') in 0.044468 seconds 
========================================================================
Received Import Request.
  Time since last request: 8.796693 seconds.
  path: Assets/Scripts/Card/SeeInDetail.cs
  artifactKey: Guid(be6ca4f0b042c3d4e94a401deb52777d) Importer(815301076,1909f56bfc062723c751e8b465ee728b)
Start importing Assets/Scripts/Card/SeeInDetail.cs using Guid(be6ca4f0b042c3d4e94a401deb52777d) Importer(815301076,1909f56bfc062723c751e8b465ee728b)  -> (artifact id: '87f71e72399d9a53c68f5d8528bc7c95') in 0.026041 seconds 
========================================================================
Received Prepare
Registering precompiled user dll's ...
Registered in 0.006033 seconds.
Begin MonoManager ReloadAssembly
Symbol file LoadedFromMemory doesn't match image C:\Users\Gabriel\Desktop\Jogos 2022\Foodmon\Unity\CartaComida\Library\PackageCache\com.unity.visualscripting@1.7.6\Editor\VisualScripting.Core\Dependencies\YamlDotNet\Unity.VisualScripting.YamlDotNet.dll
Symbol file LoadedFromMemory is not a mono symbol file
Symbol file LoadedFromMemory doesn't match image C:\Users\Gabriel\Desktop\Jogos 2022\Foodmon\Unity\CartaComida\Library\PackageCache\com.unity.visualscripting@1.7.6\Editor\VisualScripting.Core\Dependencies\DotNetZip\Unity.VisualScripting.IonicZip.dll
Native extension for WindowsStandalone target not found
Native extension for iOS target not found
Native extension for Android target not found
Native extension for WebGL target not found
Refreshing native plugins compatible for Editor in 1.78 ms, found 4 plugins.
Preloading 0 native plugins for Editor in 0.00 ms.
Mono: successfully reloaded assembly
- Completed reload, in 17.279 seconds
Domain Reload Profiling:
	ReloadAssembly (17317ms)
		BeginReloadAssembly (1515ms)
			ExecutionOrderSort (0ms)
			DisableScriptedObjects (11ms)
			BackupInstance (0ms)
			ReleaseScriptingObjects (0ms)
			CreateAndSetChildDomain (639ms)
		EndReloadAssembly (14670ms)
			LoadAssemblies (958ms)
			RebuildTransferFunctionScriptingTraits (0ms)
			SetupTypeCache (4415ms)
			ReleaseScriptCaches (3ms)
			RebuildScriptCaches (1141ms)
			SetupLoadedEditorAssemblies (7058ms)
				LogAssemblyErrors (0ms)
				InitializePlatformSupportModulesInManaged (792ms)
				SetLoadedEditorAssemblies (1ms)
				RefreshPlugins (2ms)
				BeforeProcessingInitializeOnLoad (2098ms)
				ProcessInitializeOnLoadAttributes (3893ms)
				ProcessInitializeOnLoadMethodAttributes (249ms)
				AfterProcessingInitializeOnLoad (24ms)
				EditorAssembliesLoaded (0ms)
			ExecutionOrderSort2 (0ms)
			AwakeInstancesAfterBackupRestoration (663ms)
Platform modules already initialized, skipping
Refreshing native plugins compatible for Editor in 5.56 ms, found 4 plugins.
Preloading 0 native plugins for Editor in 0.00 ms.
Unloading 4395 Unused Serialized files (Serialized files now loaded: 0)
Unloading 23 unused Assets / (26.2 KB). Loaded Objects now: 4918.
Memory consumption went from 167.1 MB to 167.1 MB.
Total: 6.553500 ms (FindLiveObjects: 0.466600 ms CreateObjectMapping: 0.316500 ms MarkObjects: 5.727100 ms  DeleteObjects: 0.040700 ms)

AssetImportParameters requested are different than current active one (requested -> active):
  custom:video-decoder-ogg-theora: a1e56fd34408186e4bbccfd4996cb3dc -> 
  custom:container-muxer-webm: aa71ff27fc2769a1b78a27578f13a17b -> 
  custom:container-demuxer-webm: 4f35f7cbe854078d1ac9338744f61a02 -> 
  custom:video-encoder-webm-vp8: eb34c28f22e8b96e1ab97ce403110664 -> 
  custom:audio-encoder-webm-vorbis: bf7c407c2cedff20999df2af8eb42d56 -> 
  custom:framework-win-MediaFoundation: 216162199b28c13a410421893ffa2e32 -> 
  custom:container-demuxer-ogg: 62fdf1f143b41e24485cea50d1cbac27 -> 
  custom:video-decoder-webm-vp8: 9c59270c3fd7afecdb556c50c9e8de78 -> 
  custom:audio-decoder-ogg-vorbis: bf7c407c2cedff20999df2af8eb42d56 -> 
